# Resource object code (Python 3)
# Created by: object code
# Created by: The Resource Compiler for Qt version 6.8.2
# WARNING! All changes made in this file will be lost!

from PySide6 import QtCore

qt_resource_data = b"\
\x00\x00\x00\x10\
<\
\xb8d\x18\xca\xef\x9c\x95\xcd!\x1c\xbf`\xa1\xbd\xdd\
\x00\x00\x0fr\
<\
\xb8d\x18\xca\xef\x9c\x95\xcd!\x1c\xbf`\xa1\xbd\xdd\xa7\
\x00\x00\x00\x05zh_CNB\x00\x00\x01 \x00\x04\
\xec0\x00\x00\x00M\x00\x04\xec0\x00\x00\x0dw\x00Q\
R\xf5\x00\x00\x02\x83\x00q_\xf5\x00\x00\x0aU\x00y\
\xcan\x00\x00\x03\x01\x00\xbe0:\x00\x00\x00z\x00\xe8\
\x80c\x00\x00\x06/\x01\x885\xc3\x00\x00\x03\xe7\x01\xad\
\xd3Z\x00\x00\x046\x03H1\xc2\x00\x00\x0dD\x03W\
\xb0\x17\x00\x00\x04\x86\x04\x04\x9a\xae\x00\x00\x0d\xd5\x04\x17\
\xfbe\x00\x00\x0a\x12\x05,\xfc~\x00\x00\x05\xdd\x05L\
\xc6i\x00\x00\x05\x07\x06w\x97\x93\x00\x00\x03T\x07e\
o\xd0\x00\x00\x0b\xd2\x07\xc4\xbd\x84\x00\x00\x01e\x08\x95\
\x84\x9e\x00\x00\x02 \x08\xe8\xf0\xee\x00\x00\x04\xb7\x09\x06\
\xb3\x83\x00\x00\x03\x9c\x0a\xa8-\x87\x00\x00\x0a\x99\x0a\xab\
b\xf9\x00\x00\x01\xad\x0a\xb9\x9b\xc4\x00\x00\x0b\xac\x0b\x01\
0\xe3\x00\x00\x05\x88\x0c\x07\xd6D\x00\x00\x09\xe1\x0cG\
F\x1a\x00\x00\x0c\xd3\x0d\x88n\x8a\x00\x00\x0d\x0d\x0e\x0b\
\xcc\x11\x00\x00\x00\x00\x0e00a\x00\x00\x0b(\x0eB\
\xe9\xa4\x00\x00\x06\xcc\x0e\xe0~J\x00\x00\x0d\xa0\x0f\x14\
\x07E\x00\x00\x0a\xdc\x0fM?\x1a\x00\x00\x01\x13\x0fX\
}\xc3\x00\x00\x06\x88\x0f\xec\xb4\xee\x00\x00\x07%i\x00\
\x00\x0e.\x03\x00\x00\x00\x08epcni\x82\x89\xc8\
\x08\x00\x00\x00\x00\x06\x00\x00\x00 Displa\
ys an overview o\
f the data\x07\x00\x00\x00\x10A\
ttribute_Window\x01\
\x03\x00\x00\x00\x04^.R\xa9\x08\x00\x00\x00\x00\x06\x00\
\x00\x00\x04Help\x07\x00\x00\x00\x10Attr\
ibute_Window\x01\x03\x00\x00\
\x00\x22W(N\x0bb\xc9hFN-\x90\x09b\xe9\
N\x0ev\xd1mKc\x07h\x07[\xf9^\x94v\x84\
[Wk\xb5\x08\x00\x00\x00\x00\x06\x00\x00\x00RSe\
lect the field c\
orresponding to \
the monitoring i\
ndicator in the \
drop-down box.\x0a\x0a\
\x07\x00\x00\x00\x10Attribute_W\
indow\x01\x03\x00\x00\x00\x0aQvN\xd6l\
ag\xd3ri\x08\x00\x00\x00\x00\x06\x00\x00\x00\x13O\
ther contaminant\
s:\x07\x00\x00\x00 Attribute\
_Window_Backgrou\
ndValue\x01\x03\x00\x00\x00\x08\x81\xeaR\
\xa8b\xa5TJ\x08\x00\x00\x00\x00\x06\x00\x00\x00\x0bA\
uto report\x07\x00\x00\x00 C\
ontamination_ide\
ntification_win\x01\
\x03\x00\x00\x00\x0clag\xd3\x8d\x85h\x07p\xb9O\
M\x08\x00\x00\x00\x00\x06\x00\x00\x002Conta\
mination exceeda\
nce points (exce\
pt radon gas)\x07\x00\x00\
\x00 Contamination_\
identification_w\
in\x01\x03\x00\x00\x00\x0clag\xd3{I~\xa7\
\x8b\xc6R+\x08\x00\x00\x00\x00\x06\x00\x00\x00\x22Co\
ntamination leve\
l identification\
\x07\x00\x00\x00 Contaminati\
on_identificatio\
n_win\x01\x03\x00\x00\x00\x16lag\xd3n\
\x90S:N\x0eu\x91O<lag\xd3n\x90S\
:\x08\x00\x00\x00\x00\x06\x00\x00\x003Conta\
mination source \
zone and suspect\
ed source zone\x07\x00\
\x00\x00 Contamination\
_identification_\
win\x01\x03\x00\x00\x00\x08lag\xd3\x83\x03V\
\xf4\x08\x00\x00\x00\x00\x06\x00\x00\x00\x16Scope\
 of contaminatio\
n\x07\x00\x00\x00 Contaminat\
ion_identificati\
on_win\x01\x03\x00\x00\x00\x08\x80\xccfo\
P<l\xd5\x08\x00\x00\x00\x00\x06\x00\x00\x00\x19Ba\
ckground Level A\
nalysis\x07\x00\x00\x00\x12Cust\
omRadioButtons\x01\x03\
\x00\x00\x00\x08~\xcf\x9a\x8cP<l\xd5\x08\x00\x00\x00\
\x00\x06\x00\x00\x00\x1cEmpirical \
Threshold Analys\
is\x07\x00\x00\x00\x12CustomRad\
ioButtons\x01\x03\x00\x00\x00\x0cN\
;b\x10R\x06R\x06g\x90l\xd5\x08\x00\x00\x00\x00\
\x06\x00\x00\x00\x1cPrincipal C\
omponent Analysi\
s\x07\x00\x00\x00\x12CustomRadi\
oButtons\x01\x03\x00\x00\x00\x08c\xd2\
P<e\xb9l\xd5\x08\x00\x00\x00\x00\x06\x00\x00\x00\x15\
Interpolation me\
thod:\x07\x00\x00\x00\x1eInterp\
olation_method_s\
election\x01\x03\x00\x00\x00\x08kc\
W(R\xa0\x8f}\x08\x00\x00\x00\x00\x06\x00\x00\x00\x07\
Loading\x07\x00\x00\x00\x0dLoad\
ingWindow\x01\x03\x00\x00\x00\x14Y\
\x04t\x06N-\xff\x0c\x8b\xf7{I_\x85\x00.\x00\
.\x00.\x08\x00\x00\x00\x00\x06\x00\x00\x00\x1aPro\
cessing, please \
wait...\x07\x00\x00\x00\x0dLoad\
ingWindow\x01\x03\x00\x00\x00 [\
\xfcQ\xfaN:w\xe2\x91\xcfe\x87N\xf6\xff\x08S\
\x05T+N;b\x10R\x06_\x97R\x06\xff\x09\x08\
\x00\x00\x00\x00\x06\x00\x00\x00<Export \
vector results (\
including princi\
pal component sc\
ores)\x07\x00\x00\x00\x10PCA_fu\
nction_win\x01\x03\x00\x00\x00\x12\
g\xe5w\x0b\x00P\x00C\x001c\xd2P<~\xd3\
g\x9c\x08\x00\x00\x00\x00\x06\x00\x00\x00\x1eView\
 PC1 interpolati\
on results\x07\x00\x00\x00\x10P\
CA_function_win\x01\
\x03\x00\x00\x00\x12g\xe5w\x0b\x00P\x00C\x001p\
\xb9OMR\x06^\x03\x08\x00\x00\x00\x00\x06\x00\x00\x00\
\x1bView PC1 point \
distribution\x07\x00\x00\x00\
\x10PCA_function_wi\
n\x01\x03\x00\x00\x00\x12g\xe5w\x0b\x00P\x00C\x00\
AR\x06g\x90~\xd3g\x9c\x08\x00\x00\x00\x00\x06\x00\
\x00\x00\x22View graph of\
 PCA analysis re\
sults\x07\x00\x00\x00\x10PCA_fu\
nction_win\x01\x03\x00\x00\x00\x0e\
e\xe0eHv\x84~\xd8V\xfe[\xf9\x8ca\x08\x00\
\x00\x00\x00\x06\x00\x00\x00\x17Invalid \
graphic objects\x07\
\x00\x00\x00\x0aPlotWindow\x01\x03\
\x00\x00\x00\x0a\x80\xccfoP<\x8f\x93Qe\x08\x00\
\x00\x00\x00\x06\x00\x00\x00\x1dBackgrou\
nd value manual \
input\x07\x00\x00\x00\x1dbackgr\
ound_value_input\
_manual\x01\x03\x00\x00\x00\xdag,\x98\
uu(N\x8ebKR\xa8\x8f\x93QeT\x04y\
\xcdc\x07h\x07v\x84\x80\xccfoP<0\x02Y\
\x82g\x9c`\xa8N\x0dxn[\x9ac\x07h\x07v\
\x84\x80\xccfoP<\xff\x0cS\xefN\xe5O\x7fu\
(\x00 \x00\x22c\x07h\x07epcnR\x06g\
\x90\x00 \x00\x22c\x09\x94\xaeR\x06g\x90epc\
n^v\x81\xeaR\xa8xn[\x9a\x80\xccfoP\
<0\x02\x00E\x00C\x00D\x00F\x00 \x00\x22c\
\x09\x94\xaeS\xefu(N\x8e~\xd8R6c\x07h\
\x07epcnv\x84\x00 \x00E\x00C\x00D\x00\
F\x00 V\xfe0\x02\x8f\x93Qe\x80\xccfoP\
<T\x0e\xff\x0cSUQ\xfb\x00 \x00\x22N\x0bN\
\x00ke\x00 \x00\x22c\x09\x94\xae\x8f\xdbQeN\
\x0bN\x00ke0\x02\x08\x00\x00\x00\x00\x06\x00\x00\x01\
\xb0This page is us\
ed to manually i\
nput the backgro\
und values of va\
rious indicators\
. If you are not\
 sure about the \
background value\
s of the indicat\
ors, you can use\
 the 'Indicator \
Data Analysis' b\
utton to analyze\
 the data and au\
tomatically dete\
rmine the backgr\
ound values. The\
 'ECDF' button c\
an be used to dr\
aw the ECDF diag\
ram of the indic\
ator data. After\
 inputting the b\
ackground values\
, click the 'Nex\
t' button to go \
to the next step\
.\x07\x00\x00\x00\x1dbackground\
_value_input_man\
ual\x01\x03\x00\x00\x00\x04~\xd8V\xfe\x08\x00\x00\
\x00\x00\x06\x00\x00\x00\x0cDisplay p\
lot\x07\x00\x00\x00\x0cfunction\
_win\x01\x03\x00\x00\x00\x0e[\xfcQ\xfaN:\
\x88hh<e\x87N\xf6\x08\x00\x00\x00\x00\x06\x00\x00\
\x00\x14Export to Tabl\
e File\x07\x00\x00\x00\x0cfunct\
ion_win\x01\x03\x00\x00\x00\x0e[\xfcQ\
\xfaN:w\xe2\x91\xcfe\x87N\xf6\x08\x00\x00\x00\x00\
\x06\x00\x00\x00\x15Export to V\
ector File\x07\x00\x00\x00\x0cf\
unction_win\x01\x03\x00\x00\x00\
\x04\x80Z|{\x08\x00\x00\x00\x00\x06\x00\x00\x00\x0aC\
lustering\x07\x00\x00\x00 in\
dicator_backgrou\
nd_value_input\x01\x03\
\x00\x00\x00\x06e\xe0epcn\x08\x00\x00\x00\x00\x06\
\x00\x00\x00\x11No data avai\
lable\x07\x00\x00\x00 indica\
tor_background_v\
alue_input\x01\x03\x00\x00\x00*\
b\xa5TJ]\xf2O\xdd[XW(g,W0\
\xff\x0cS\xefO\x7fu(\x00 \x00W\x00o\x00r\
\x00d\x00 bS_\x00\xff\x01\x08\x00\x00\x00\x00\x06\
\x00\x00\x00?The report h\
as been saved lo\
cally and can be\
 opened using Wo\
rd!\x07\x00\x00\x00\x06parent\x01\x03\
\x00\x00\x00\x04b\x10R\x9f\x08\x00\x00\x00\x00\x06\x00\x00\
\x00\x07succeed\x07\x00\x00\x00\x06pa\
rent\x01\x03\x00\x00\x00Fp\xb9Q\xfb\x8f\x93\
Q\xfahFN\xe5\x90\x09b\xe9e\x87N\xf6\x8f\x93\
Qe\xff\x1be/c\x01\x00G\x00P\x00K\x00G\
T\x8c\x00S\x00H\x00Pe\x87N\xf6\xff\x08c\xa8\
\x83PO\x7fu(\x00G\x00P\x00K\x00G\xff\x09\
\x08\x00\x00\x00\x00\x06\x00\x00\x00\x9a\x0a     \
       Click the\
 input box to op\
en the file expl\
orer and select \
the input.\x0a\x0a    \
        Supports\
 GPKG and SHP fi\
les(GPKG recomme\
nded).\x0a\x0a        \
    \x07\x00\x00\x00\x0cstart_w\
indow\x01\x03\x00\x00\x00\x08R\x06g\x90e\
\xb9l\xd5\x08\x00\x00\x00\x00\x06\x00\x00\x00\x11Ana\
lysis Methods:\x07\x00\
\x00\x00\x0cstart_window\x01\
\x03\x00\x00\x00\x08\x8f\xb9uLe\x87N\xf6\x08\x00\x00\
\x00\x00\x06\x00\x00\x00\x0eBoundary \
File:\x07\x00\x00\x00\x0cstart_\
window\x01\x03\x00\x00\x00\x08epcn\
\x95\x19\x8b\xef\x08\x00\x00\x00\x00\x06\x00\x00\x00\x0aDa\
ta Error\x07\x00\x00\x00\x0csta\
rt_window\x01\x03\x00\x00\x00\x04^\
.R\xa9\x08\x00\x00\x00\x00\x06\x00\x00\x00\x04Hel\
p\x07\x00\x00\x00\x0cstart_wind\
ow\x01\x03\x00\x00\x00\x08\x8c\x03g\xe5epcn\
\x08\x00\x00\x00\x00\x06\x00\x00\x00\x0cSurvey\
 File:\x07\x00\x00\x00\x0cstart\
_window\x01\x03\x00\x00\x00\x12\x8c\x03g\
\xe5e\x87N\xf6N\x0dQA\x8b\xb8N:zz\x08\
\x00\x00\x00\x00\x06\x00\x00\x00&Survey \
point data shoul\
d not be empty.\x07\
\x00\x00\x00\x0cstart_window\
\x01\
\x00\x00\x02\xf9\
\x00\
\x00\x18\xf1x\xda\xedV_o\x12A\x10\x7fo\xd2\xef\
@xf\x09\xf7\x07\xb4\xed\x93\xe1\xc5\x18c|7~\
\x83\xc67\x9f\x9a&P\xd2 -\x155\xd5\x96@\xc4\
\x16\x0d5\xa6\x1e\xa5\x97p\x1cM\xfc2\xec\x1d|\x0b\
g9\x0aGog\x0e\xc5Fk\x8e\x07\x02\xfb\xdb\xdd\
\x99\xf9\xcd\xec\xccoku%\x06\x9fx*\xbe\x1e\xdb\
\xf2~\x8f\xff\x0f\xfaM^\xe9\xc2b\xfc\xe1\xa3L*\
\x1dO\xf80\xb7f9\xb9\xbc\xc0\x9c\xf2\x17^y\xeb\
\xe4ZN\xbd\xe4\xd4m\xb7\xf4u~\xe3E\x9f\x7f\xdc\
\x1fol\x9bC\xf3l\x0et\xde\xb7G\xc5\x0a\x80\xe9\
{s\xcb\xe5\xa2\xf3\xa9\x08\xcb\xcff\x8b\x1e\xd06\x06\
\xbd\xaa[0\xfc\xb7\x8c\x11%\xa1\xb0\x81]\xc67x\
\xa0{\xd8q\x0b\xdd\x00\xc8+\x07\xfc\xaa\xa2$T\xfa\
\x8e\x1bF\x82\xf7\x08\xc4\xca\xc3\x16\xd9\xe9\xd1\x89\x0dF\
b,\xd4\x8c\x9a\x9cn\xb0\xe4fl\x13\x8fE\x1c\xeb\
\xff\x90\xf9.\xbc\xb7J\x1b\xb8\xfb\xbe\xf8\xc0\xf0Y.\
\xc8S\xad\x06 /\x7fpO/\x03\xe0p_\xc6\x98\
J3\x06\x0eQ|\x87\x10!@\xdbD\x88\x18X9\
\x00\xc9\xbc\xbb\xaf\x0d\xa7\xdd\xc2\xef\x87\x94A\xba4\xbf\
\x13A/\xe1nY\xe8PS\xe1gEVT\xe6#\
\xa1\x8bp\x8e2\xa4-\xc2\x90\xa0\x02%\xe1\x9ae\xd8\
\x86V\xb5<\xb7\x9e\xf7>\x07%\xf6{U)9F\
O\xd8D\xa8\x1b\x1d\x99\x14\xba\xd3'PX\xc3:\x00\
\xb0\x8c\x16\x0b\xbf\xda\x01\x06e\x17\xc2\x19i\xf4I%\
)\x1e*\x19=\xd0#\x12\xe4\xa5\x17y\xcb\xe7M\xc4\
\xb0\xca\xbc\x9c\xc90\x9d\xc0\xa0&\x12ia\x14p\xde\
\xb0\xe5\xb5y\x08}\x0a\x01\x85\xd3:}~\xd0\xefP\
\xe7\xafkR\xee\xb9G5\x1cF\xfd\xd7\x89\xf3\xb3\x9e\
 M\x96`\x93\x08lR\xe8LcxF\xa6\xf1#\
6\xf8\xee9\xd9\xe7\x87o\x8ecd%\x88Kg\xf0\
s\xef\xe7\xf6\xe4D\x5c\xa1\xa6\xb0\xb6\xb6\xec\x14\xe6\xf5\
\x06o~\xe6\xef\xcaN\xa7\xe4\xb6\x8c\x9b\x1b\xa7\x139\
\x93^h\x22O\x9a\x8f\xf8n\xe0\x03\x89\x18U\xf2\xb7\
\x8a?\xd4\xb0Q\x82\xfb\x11.\x11\xac\xeah\xf7{\xb0\
\xbf\x9f\x1ec\x13\x06\x0a\xe0\xe4\x1b2\x0e\xc3\x04\x07[\
^n\xa8a\xf3\xd1\x9b_ar\x03\xca2/\x0b\x5c\
\xb0I\xe6\x81\x92\x19a\x03\x0dam^\x82\x14\x8c\xff\
Ae\xe8\xcc\xeb\xa4\x0c:\xfa\xab=i\x89a\x9d\xf0\
\x96\xd5\x01\x8c\xaf\xee\x85\xcc!/\xe4\x7fK3\xcc\xb1\
\x81\xd4\xfb\x91\x89+\x03\xd0\x1c\xa4\xa8\xf8\x1dM!\x08\
\x90\xbc\x82_W\x13\x22\xb6\xc4\xdfR\x13\x0b(\x06J\
p\xdca5\xb1\x90^\xa0\x85\xc8\xed\xab\x89%\xc4\x84\
J\x88\x89\xfb\x9a\x8e\x88\x09~\xb0\xf7\xe7\xf5\x84\x1e\xe9\
\x89HODz\x22\xd2\x13\x91\x9e\x88\xf4D\xa4'\xee\
\xa6\x9e\xd00=\xf1\xe2\xe5\xe6\xa6\x5cL<y\xf0\xf4\
1\xa2\x1d\xdc\xc6\xa5\xd3\xe9\xb9\x85\x82\x5c2\xa8\x0b)\
\x86l\x86e\xd7\x02!e\x95\x14\xcb\xea)I(\xab\
+\xdb?\x01`\xb1~\x9b\
\x00\x00\x08&\
\x00\
\x00B>x\xda\xe5\xdb{PT\xd7\x1d\x07\xf0\xb3\xc0\
\xb2\x80 \xbe5\xc8C0\x04\x04vk|k\x10R\
\xd4\xf8B\xff\x888>\xc6$Lk\xa71#u\xea\
X['\xa5BH:\x831S2E\x09j-\xf1\
\x85\x8a65\x8dU\x88\x22\xa6$\x164\x0a\x09\xa4v\
)\xb8\x12\x84]E\x84e\xd9\xb0\xec\xde\xfb\xeb\xf7\xdc\
E-\x14\x03\x1a^w=\xce\x87\xdf\xba{\xee9\xbf\
\xef\xdd\xbb\xbb\x80#c\x0a\xfcy\xf1E\x86\xaf\x13X\
h\x0ccc\x18c\xa1\x80\xbbX\x12\xb3\xdf/\x0d\xdc\
1b\x88]\x7f\x8c\xf1w\x89s\x82`\x88\xf7m\xa0\
O|\xefQ\x1d\xdc\x85\xfaGh\x80\x22\xcc\x8f\xf3\xa9\
'o`k\x88\x98\x9c\x86\xcfm\x91\x8d\x86\xb1\x06q\
\xe2\xb8\xdb\xe2[\xcf\xdc\x11\xcb\xc1\x02\xf4\x18\x8c8\xf6\
\xc48\x83\x189V/\xba\x80,\xb2\x8f\xba\x85\xec\xb5\
\x22\xaf\xb3Q\xaf\x8d\xae\x13E I\xedcxx\x8c\
\x1evc\xbd\x88\x915\xa23\x0c\xde\xec5\xc4\x86W\
\x8bl\xf8Mq\x12\xea\xa5\x11\xdf\x8a\xd4KD\xac\xa7\
\x83_\x0f\xbb)\x8e\x84A\x99\x7fh\x95\xc0\x86V\x0a\
~\xde7\x84\xb3@}\xa0\x0d>\xc5>/c\x1f7\
\xafJa\xd0d\x1f\xa2\x15\xb8\x11\x9e\x15\xc2\x11\xcf\xff\
\x08\x22P\x9f\xa9\x10\x9a\xe0\x00\xf6\x0b\xf6\xc4\xbe\x1e\x15\
\x03{\x1e\xdc\xff%p\x1e\xee\xd7\x85w=\xfe-X\
\x81\xfa\x03\xf6+\xc0\xbe\xcf\xa32n \x86\xaa\x5c`\
\xae\xe5\x82\xab\xea\x1b!\xd9\xed\x1b\xa1\x15\xa8?a\xdf\
\x12\xf4\x10\x89\xca\xfb\xe8\xd7\xec\xca\xaflLYju\
R~-\xacw-\x13\x9a\x80\x06\xc8\x15\xe5\xd76\x8d\
\xb2L\x90z\xea\x8f\xe1\x5cj\x93\xf6r)\xb5\xc5\xba\
|e\xab\x03\x1a`\x05\xe8)\x00\xfd\xf4O\xfe\x12\x1b\
s*\xb1\xf9\xa0\x16\x01\x0d\x12\xfb\x9d\xae\xd9\xbc\xd0W\
\x9ffW\x5c\xc5\xfaWmN\xd8+\x05\x04\xa0A\xc2\
\x02\xbfC\x7fJ\xa9\xc7>\xcc\x0fs\xe0\x16\xd0 \xd3\
\x08\xf1\xcc\xdec\xef\x87\xff\xd2\xc6y@6\xd0 U\
\x01\xe1R\xaf\xbd9\xf8\xf9\xbc\x22\xe5\x7f\x0d\xcc\x838\
?\x97\x01.\xbdy\x0e\x14\xc8\x0e\xfep\x0dh\x90k\
\x80u\xac\x8a\x98\xe2\xb2\xf5\x87\xbf\xdf\x17Y\x99\xcb?\
\xadJ\xe7b\xeb\xbb \x00\xc9@5\xfa^\xe4tY\
\xea\xfd\x89\xb3\xbb~ae\xae\x9f[\x95\xcaK\xd6\x04\
h\x02\x92\x91+\xca/\xac\x01\xa8O\x94\xdd\xed\x1fm\
\x9c\xbb[a\xdb6Ua[\xa3\xea\xf36\x92\x19\x11\
}\xefF\x06\x152t\xff\xb3\xccE\x0b\xe7\xecQ`\
\x19\x09\xcfz\x5c\xb4\xccq\xbf\xd8\x96\xe6\xfeY[\x0b\
\x90L5\x22\xc3z\xe4QA\x87\xbc\x9e\xf9\x166$\
\xbfM\x81:\x1aba\x9b\xe7\x05\xcb\xde!\x17,\x97\
\xe0[0\x82\x08$sF\xe4z\x1f\xf9\x02\xbc.H\
\x99\xed\xbf\xb38gI\x80=P\xe4u\xceb\xf6:\
o!\x07&\x22\xe7\x15\xd8:\xf4\xd3V\x7f\xaf\xbc\xef\
\x14\xdey\xad\x02\xd0S\xc66,\xaf\xf5\xda\xb0\xdc\xd6\
\xcd#\xce\xb4\xd2SL\x18\xf5\xc9w\xf44\x1b\xf3\xf1\
\xd3m\xdcGf\x01\xe8)d\x03\xe33\x7f1\xaf\x81\
\xf5>'\xcd[`\x07\xec\x87s\xf0%\x94B\xc9#\
T\xf9\x9c0[\x81\x06\xca\xf8\x87\xb7[\xa1\x1e=\xe9\
\xa0\xec\x11\xfd\x16C.d\xc26d^\x0ds\xee\x7f\
\x1f\xe0\x7f\xcc\xcc&d\x9b\x15~\xc7\xcd.\xbe9f\
\xf7\xf19\xe6\xe10\xea\x11FB\xa0\xef\xf1\x96\xdf\x80\
\xd6\xefx\x8b\x08\xd4\xc7\xf8\x1e&\xecW\x06yp\x14\
2!\xc57\xa7e%z\xd6\xa0\xa7\x00\x18\xd3\xde_\
\x87\x9e\xf1\xb87\xb8!\x9fs\xd0a)\xeb\x0f\xfay\
\xc8\xffh\x0b\xa7\x80P\xff\xec\x96\xbf\x06d\xb7P\x1f\
h\xc4\xda'\xb0G\x22\xfc\x04b\xc0\x0f\xdc\xfc\xb3M\
\xce\x81\x07\x9aY\xe0\xc1\xe6\x01\xfd\xdd\xff\x84\xc3&.\
8\xf0\x90\xe92P/1\x06\x1e6\x1d\xc4\xba\xd1\x01\
GZ<`\xd0\xfe\x9b_\xd0A\x13\x9b\xf8\xa1\x89\x05\
\x1d0-\x9cx\xc0\xa4\xc3mB}|\x1fJl\xb8\
\xfd\x19\xd6Z\x81u\xdd\xf9\xdar\x18\xcff5\xb3\xd0\
\xbd\xcd,\xf8\xcf\xcd[\x81\x9e\x9018\xab\xf9m\xac\
5\x8e\xaf\xf7\x5cV3\x93\xd3\x08\xf9S3\x17\x1c\xb2\
\xaf\xb9\x1c\xe81\xd5\xe3\xd8M\xcf\xedoV\x01\x93\xe3\
\x08\xddkd\xe1\x1f\x18\xd9\xa4=\xc6\xe4\xb0L#\xf5\
\xd8\x1e\xe3M\x1c\xb36t\x9f\xd1\x99\xaf!\xe7\x11\x9e\
a\xe4\xd4\x11\x19\xc6j\xa0\x1e\xb0b\xfe\xcf\xd5\xe9M\
\xd2\xb9\x93\xfbP\xefjb\xea\xddMJMz\xd3\x11\
\xa0\x1e(\xc11~\xfc8G\x18+\xd660MZ\
#4\xc5\xa2\x9a\x80\xba\x91\x1e\xbe\xa6\x92i\xdew\x8c\
\xfc|h\xdek\xe4\xc6@\x91f'2>Z\x1d\xe6\
D\xf2\xf9\x8e44;\x90\xff\xf7\xb8\x0eR\xef\xa5\x02\
}\x8f\x1d8\x07\xce|\xbe\xa3\x0d\xcd;\xf7\xb8u \
\x00u\xa1\x09^\xe0\xf3\x1cqh\x92\x1b\xb8i\x9a\xa4\
\x06\x03P\x17j!\x04\x1c3\x7fb\x037\x1a\xae\x00\
u\xa1\x02|\xf9<G\x1c\xeamw9%|\x0c\xd4\
\x85|\xf0\xe6\xf3\x1c2\xffV\xe4\xff\xc5m\xa6\xdeR\
\xbf\x0f\xe8\xff\xfc\xaa~\xb7\xfa\x1d\x934\xcfQ\x87\xfa\
\x97\xf5\x5c\x1aP\x17\xb6\xf1\xc7\x1dy\xa8\x13\xeepo\
\x01u\x22\xc2\xab\xfcq\x87\xce\xbf\xe1\x0e\xb7\x15\xa8\x13\
+\xc4\xf1\xc7\x1d:\xff\xcf\xf0\xfa_\x7f;\x11\xa8\x13\
+\xc4\x81\xc3f\x8fXk`\xea\xd7\xe0\x15\xc3\x1f\xd5\
\xaf\x1a\xa8\x13+\xee\x8f\x03\xc7\xcd\x1f\xa7g\x11+\xf4\
N\x11+\xf5\xd9@\x9dX\xe1ep\xdc\xfc\xcb\xf4\x9c\
*b\xb9>\x0f\xa8\x13\x0b,\x06\xc7\xcd\xffR\x1d\xe7\
\x06\xe7\x81:1A\x14\x9f\xe3\xa8#4R\xcfB\x22\
\x0d\xcaI\x91\xfa\x8f\xc2\xe6\xea\xe9\xbe\xf0(\x03W\x1b\
\x1e}\xfbG\xe0P\x99w\xee\xdc\xc96m\xda\xa48\
u\xeaTdNN\xce\x86={\xf6\xbd\xf1\xcaO\xff\
^\xbctE\x1e-X\xf67\x8az\xe9\x04\xcd\x8c>\
L\xcf\xcf\xca\xa8\x0b\x994\xefM__\x9f\xd7g\xce\
\x9c\xf9\xc6\xdc\xb9s'gff\xb2\xb0\xb00Y\xe7\
///g\xc5\xc5\xc5/\x5c\xbf~\xfd&*\x9d9\
s\x86\x0e\x1d:Hii\x7f\xa0\xc4\xc4\xdf\xd2\x86\x0d\
\xaf\xd3\xca\x95q\x14\x13\xf3c\xd2h44m\xda4\
Z\xbcx1-Z\xb4\xe8*\xceA\xf0\xbcy\xf3d\
\x9b=!!\x81\x11\x11\xab\xac\xac|\xbb\xa6\xa6\x86J\
KK\xe9\xfc\xf9\xf3t\xec\xd81JOO\xa7\xe4\xe4\
d\xda\xb8q#\xad^\xbd\x9a\xe6\xcf\x9fOS\xa6L\
\xa1\x05\x0b\x16\xd0\xf2\xe5\xcb)66V\x8c\x89\x89y\
s\xcb\x96-,((H\x96\xf9\xb3\xb2\xb2XFF\
\xc6\xb0\x1b7n\x5c\xa8\xad\xad\xa5\x92\x92\x12)\xff\xd1\
\xa3G;\xe4_\xb5j\x95\x94\x7f\xc6\x8c\x19\xd2s\xbf\
l\xd92\x09\xae\x81S\xa1\xa1\xa1J\x9c\x17Y\xe6\xcf\
\xcb\xcbcg\xcf\x9e\xf5\xad\xae\xae\xae\xecI\xfe\xd9\xb3\
g\xd3\xd2\xa5K\x1f\xe4\xc7\xb9\xb80}\xfatw\xdc\
/\xcb\xfc\xf9\xf9\xf9\x0cy\xfd\x91_\xd7]~\xbc\xce\
\xbb\xca_\x80kB\xb6\xf9O\x9e<\xc9\xf0Z\x1f\xab\
\xd3\xe9\xae\xf5\xe4\xf9\x9f5k\x16-Y\xb2\xe4\x7f\xf3\
\xe7N\x9e<Y\x85s \xcb\xfc\xa9\xa9\xa9\x0c\xd7\xaf\
KUU\xd5\xbe[\xb7nu\x9b\x7f\xea\xd4\xa9\xb4p\
\xe1\xc2\x07\xf9\xf1^\xf8\x01\x96Q\xc8\xf93\xd0`0\
\xb0\xb2\xb2\xb2u\xb8\x06,\x9d\xf3'%%u\xc8\x8f\
\xe7\x9a\xf0\x99'e\xc7\xeb\xa0!::z\x01\xae\x07\
Y\x7f\xfe\xf3\xf7\xc0\xd3\xa7O\x0f/,,\xdc\x95\x9b\
\x9b[\x91\x9d\x9d\xad\xdd\xb5k\x976%%E\xbby\
\xf3fm||\xbc\x16\x9fw\xda\xc8\xc8H-\x9eg\
mpp\xb06**J\x8b\xf7\x83$\x5c;n\x03\
\xf5\xda\xe7\x9f\xdb\xfc\x0b\x91\xc8X4\xaf6\xc6\xbcy\
meL\xc5k#\xaeL^u\xf6\xd9T\x80\xba\x1d\
5\x89\xd9\x0f\xe0\xab\x04\xb4Woi\x19\xe9@\xe9\xbf\
]8\xb7W\x85\xb4\xdc\xc3\xca\xa4e\xa5\xaa\x93\xeav\
iY\xbe`\x92T\x03\xec\xd3\x98\xb7\xfd\xafL\xf5\xa4\
\xf9\xec\xcb\xa3\x11\xb1=-\xdf`\xbb=\x87\x14\x0b\x0d\
\xa8\xda\xab\x14\x1b\x8d\x05\xb4\xd7\xed\x1dj\xab\xfd4=\
\xa8\xb6\xfbU\xf1\xfdU\xbc_\x9d{Vm\xddT]\
{?:\xfb\xd3\xf5\xa0\x16\xb4\xf7\xdd]\xedx\xdc\x7f\
\x01!\xcf\xeb\xf8\
\x00\x00\x01\x0f\
\x89\
PNG\x0d\x0a\x1a\x0a\x00\x00\x00\x0dIHDR\x00\
\x00\x00\x18\x00\x00\x00\x18\x08\x06\x00\x00\x00\xe0w=\xf8\
\x00\x00\x00\x09pHYs\x00\x00\x0b\x13\x00\x00\x0b\x13\
\x01\x00\x9a\x9c\x18\x00\x00\x00\x01sRGB\x00\xae\xce\
\x1c\xe9\x00\x00\x00\x04gAMA\x00\x00\xb1\x8f\x0b\xfc\
a\x05\x00\x00\x00\xa4IDATx\x01\xed\x95\xcb\x0d\
\x830\x10D\xc7(\x05P\x82\xddAJH:H\x09\
\xa4\x92\xd0A\xd2\x01\x94\x92N\x0c\x1d\xd0\x81\x19K \
\xf1\x15\xf2J\x5c\xd0\xbe\x8b\xed\xd5\xac\xc7{\x19\x03\xca\
\x01fz\xb0\x84Ke\x8cy@@\x08\xa1fo\xe9\
\xbdo\xc7\xdam\xa1\xf9Pp\xa7\xf0\xc7}\x874,\
{_\xec\xb5\xdc?7\x15\xce\xb9\xc0!*\x08a\xef\
7\xde1\xade\x1b\xba\x06rVSg8\x195P\
\x035\xb8\xaaA\x0e9vY\x98\xc55\xa3\xf6\xcf\xc8\
-\x98\x8a\xd1\xa4A\x1a\xf9\x10\xd7\xf5\xae\x01yS\x10\
\xff\x84\x022\xe2\x03K()\xf4z\xd8'\xcd\xa9\xd3\
\x9d\xa4\x00\x00\x00\x00IEND\xaeB`\x82\
\x00\x00\x01n\
\x89\
PNG\x0d\x0a\x1a\x0a\x00\x00\x00\x0dIHDR\x00\
\x00\x00\x18\x00\x00\x00\x18\x08\x06\x00\x00\x00\xe0w=\xf8\
\x00\x00\x00\x09pHYs\x00\x00\x0b\x13\x00\x00\x0b\x13\
\x01\x00\x9a\x9c\x18\x00\x00\x00\x01sRGB\x00\xae\xce\
\x1c\xe9\x00\x00\x00\x04gAMA\x00\x00\xb1\x8f\x0b\xfc\
a\x05\x00\x00\x01\x03IDATx\x01\xedU\xed\x0d\
\x820\x10\xbd\x12\x06\xd0\x0d`\x03G`\x14\x9c@7\
\x107\xc0\x09\xc4I\xec\x08n\xd0\x8e\xc0\x06\xf5],\
\xa4 \x1fm\x02?$\xbe\xa4ii\xef\xee]\x1f\xe9\
\x1d\xd1\xafCL\x1d&Ir\x12B\x14X\xeeh\x06\
\xc6\x98\x17\xa6Rk\xfd\xf0\x22@\xf0\x8b\x0d.\xe1,\
i.S!2L\x19l+\x90\x1c\xe7\xec)MS\
\x05\x92;\x05\x80\x93\x82\x9f\xe1\x9b\xd3Z@\xf0''\
\xd7|\xc7\xbdCo\xcd\x19\x90CcbI\xae\xce\xb6\
\xc4(\xbe\x08B5o\xdc\xd8\x07\xbe5HnC\x06\
-\x01\x0cs\xef\x1f\xe42\x006\xb1A\x82\xc8\xb5\xc5\
\xd0\x14\x0eI\x13\x92F\xb42\xfe\x04\xdb$H\xec\x03\
\x5c\x9e\x80\xcb\x04\xbf',\xabf/\xa6\x05\x81\xe0\x07\
d\x7fv_\xf5\xa2\x04J\xa9}\x7f\xcf\x95\xa8\xc6\xc8\
(\x1c\x1d\xcd\xfbho\x00\xa3\x02W,m\x0f\xd0\xe4\
\x87\x8c\x1b\x0d\xfb\x8e\x19t:\x9a\xad\xa89}\xea\x92\
\x0fj\x0e>VI\xb7\x817@\x95eB\x85\xf0\xca\
\xec\x00\x00\x00\x00IEND\xaeB`\x82\
\x00\x00\x00\xa6\
\x89\
PNG\x0d\x0a\x1a\x0a\x00\x00\x00\x0dIHDR\x00\
\x00\x00\x18\x00\x00\x00\x18\x08\x06\x00\x00\x00\xe0w=\xf8\
\x00\x00\x00\x09pHYs\x00\x00\x0b\x13\x00\x00\x0b\x13\
\x01\x00\x9a\x9c\x18\x00\x00\x00\x01sRGB\x00\xae\xce\
\x1c\xe9\x00\x00\x00\x04gAMA\x00\x00\xb1\x8f\x0b\xfc\
a\x05\x00\x00\x00;IDATx\x01\xed\xcd\xb1\x09\
\x00 \x10C\xd1\x13\x1c\xc4l\xea\xa6\xba\xc9y\x8d \
6\x22\xd7\xfe\xd7\x84\x90\x22f\x00\xf0T\xce\x22iD\
4Kp\xf7\x19\xb4{\xbd\xc6\x9e=\x08\xd3\x00\xe0\xcf\
\x024\x96\x0c\x83W\x0c\xec\x7f\x00\x00\x00\x00IEN\
D\xaeB`\x82\
\x00\x00~\xb1\
\x00\
\x03\x0c\xf7x\xda\xec\x9d\x07\x5cS\xd7\x17\xc7o\x98\x82\
\x0an\x10PP\xdc@\x5c\xad[q\xafV[\xbb\x87\
\xddv\xfe;\xed\xb0\xd5\xd6\xd5\xa5\xd6]\xf7\xd6*\x0e\
\xdc\xd6\xbdp\xef\xbdW\xc5\xc5\xde\x90\xb0\x92\xdc\xff\xef\
\xdc\x97@\x88\x8c +\xc0;\x1f\xbf\xbe\x97\xf0\xde\x1d\
\xbfs\xdf\xcc{\xe70\xa6`\x8e\xacJ\x15\x86\xa9\x17\
\xfb\xc4\x86\xb1\x00\xc6\x98\xab\xab\xf4y\x9c\x03cN\xb6\
\x8cyyI\x9fWa\xb9YN\x8c\xb5h\xa1\xff\xdc\
\x90\xb1.\x9e\x8cu\xed*}n\xd2\x9d\xb1\x90\x9e\x8c\
\xf5\xed\xab_\xff%\xac\xff'c\xcf?/}\x0e\xfb\
\x18\xeb\xdfb\xec\xddw\xf5\xeb\xcf`ld\x0f\x05\x1b\
=Z\xbf~\x05\x05kt]\xc1\xc8\xe8\xf3j_\xc6\
\x06\x06[\xb1&\xf8\x8c\xaa\xf1\x8d\xf4\xbd0\xb4\xb5Z\
E\x89\xc7\xcc\xca\x9a\xd9]\xd62\xa7\xff\xb4\xac\xda\x03\
\x9dG\x8dG\xba-\xb5Bu\xc9 \xadf\x88\xeeH\
\xd5\xfb\xba\xce\x8as:\xe6p]\xcbl/i\x1f[\
]qV#\xd6\x07\xf6\x8e7\xb4\xb3+\xde\xd2\xf2,\
\xdc\xd4\xde\xafpM\xfbf\xe5;\xd2r\xb4\xbc\xc1l\
\x0e'3\xa7\xb5\xc9\xcc\xe6\xbc\x86Y\x9f\xd7\xbccs\
A\x93\x0a\xb8)\xd6\x174\xe1V\xe75]\xad\xcfa\
\xb9\x13\xe9\xcc\xf6X:\xab\xb4?\x95U\xda\x97\xca\xec\
\x8f\xa41vF\xe3\xa28\xa39\x0dx.\xec\xc7r\
\xd5h\xfd\x8aX\xb7\xfa\xd6dfw$\xcd\x06\xf3n\
\xf6\x87\xd3&\xda\x1dM\xd7\x01\x9e\x0b:,7\xbc\xc3\
\xef\xb1\xac\xda\xb6\x14Vm{\xca[Uv\xa6\xacq\
\xde\x95r\xc7yw\x8a\xd6iw\x0a\xcf\x0b,\x97X\
uG\xcaD\xd4\xdd\xaa\xe6\xe6\xe4\xc5\xb56'\x9f\x03\
\xb7jmJ\xbe\xed\xb2)9\xcee\xa3\x9agC:\
\xfe\x16\x83e\xee\x82[X\xfe8\xd6\x1d]g\xb5\xca\
\xd6}\xad\xda\x19\xb8\x027|~\xd63@\xf5\xc8+\
 \x89\xebQ\xd5]\xa5Z\xe8\xb1F5\xc8=P\xdd\
\x0a\xcb\xd4\x05\xb5\x81S\xbd\x15I\x8a\xda\xeb\xd5\x8cp\
[\xa7f\xf8\x8e\xd5[\x9e\xc4\x9a,H\x98\xd0t~\
\x02o2?!\xb5\xf1\xc2\xc4\xa1\x8d\x16'\xda`}\
\xf1wZ\x8e\xa0u\x5c7\xa8\xb3\x8c\x01\xefeI\xcc\
oj\x1cSN\x8d\xeb\xa2\x9c\x1c\xa7VN\x89;\xd6\
|j\x9cs\xb39\x09\xe2o^+\x92Xn\x86z\
\x99rt\x0cQ[9*\xe6\x0e\x98\xee7*\x86\xb5\
\xfe \x9c9\xb5y\x91\x99c~_G\x11\x95\xfd\xbe\
\x8a<\xe9\xf7U\xd4\x8f\x982\xb4\xc3\xacuO\x9f>\
\xcdZ\xbf\x19\xc1\x1c;\xc5Vn\xf6j\xe4i\xdf\xd7\
c?k\xf5\xd2a\xd6\xaf_?\xb3\xd6?y\xf2$\
\xfe\x9f\xc4\xd6\xac?\xd5\xf3\xf9\xb7\xf6=h\xd7m\xdc\
\xdc\xde=\xfcj\xf6\xee\xdd\xdb\xac\xf5o\xde\xbc\xc9R\
SS\xed/\x5c\xb8\xb0}\xfc\xf8\x09\xbco\xdf\xbe:\
\xd4\xfd\xd6\xb3\xcf>k\xd6\xfa\xd7\xae]c\x9cs\x9b\
\xb3g\xcf\x06\x8c\x1b7.\x05\xf5\xc6\xf5\xe9\xd3gP\
\xff\xfe\xfds\x5c'\xc8\x1a`\xf71:\x97r\x83\x9d\
\x01\xf6Yq\xfe\x98\xfaK\xf3\x06h?\x83]\x1fk\
a\xbc\x9fq\xc8e?cb\xd87\xd0\xfe\x86\xd5\x0a\
\xd3\xd9\x83\xa1\xae\x11\xba;\xb5#u\xc9\x82\x08]\x8c\
K\x98n\x02\xf6?\xb5h\xbfT\x09\xcbb?\xc2\x14\
\xb5\xdc\xcc\xd2\x83\xf6S\xb4\x8e\xd3\x7f:\xe6|W\xfb\
a\x95{:u\xd5{:n\x82\xc69X\xbb\xab\xf2\
\x1dm\x07\xeb\x0bZ\xb1\x7f\xa3\xfdS^f\x85}\x10\
\xf6#\xcc\xfe\x8a\x96U\xb8\xaa\xed\x8c\xf5\x1e\x01\x9e\x1d\
\xd8\x1f\xd2\xf4!\x96{\xce\xfe\x0a\xd6\xb9\xaa\x95\xd6\xcf\
\xcd\xce\x88}!\xc3>\xcf\xc5\xe6\xa2\xe60\xe0f\xf0\
\x1f\x96oI\xeb\xd1\xfaL\xa1\xc8^\x17\xec7\x19\x95\
\x8d}0\xf6\xc3\xdf+\xcea\xbfh.g5\xff\xb2\
\xb3\x1ag\xecG\x99\xd5\xc9\xf4\xac\xbe\xc4\xfe\xd4\xf1@\
\x1a\xabp(\x8dY\xd3\xdf\xceh\xbc\xc0u\xc0\xf3\x81\
FqZ\xf3\x89X\x1f\x1a9\xa0<\xb2\x1a[U\xcc\
iw*\xab\xbc7c\x7fo\x8f~L\xb79\x9e\xce\
\xf3\x0b\xd6\xbb\x83\xfd\xb8\x8f\xc3\xc14\xe6\xb6>\x89a\
\x7f\xccj\xfc\x9bLe;\x82V(\xffc\xf4e\x85\
cPZ\x0a\xfa\xc3\xf3E\x904\xad\x18\x94\xba\x11e\
yU\xc71\x82\x8e18N\x0c\xc6>\x7f7\x8e\x15\
\x91\x80W\xd9\x05v\x16\x98K(\xf7\x1b\x94\xdf\xb0\xe6\
\x96\xe4C8\x1e\xa4\xe1\xb8\xa0\x03\xbc\xb0@\xb9\x11`\
1\xf6\xf5u\xb0\xcf\xef\x0e^\x03\x9f\xe3\x18\xf0C\xed\
u\xea\xef0\x9d\x8f\xe3J\x82{\xa0\x8a\x9b\xe2!\xa6\
\xeaT\x1c7n\xbb\xadU\xef\xc5\xb2K\xc1H\xf0=\
\xca\xf8\x9a\xcaB\xb9\xcd]7\xaa\x9d\xe9XB\xd4\xd6\
O\xc5<\x8e1^\x01*+\x1c7F\xe2\xb8\xa4\x03\
<\x0b+\x92N\xe3X\xf7\x1a\x8eo\x1euW\xaa\x1c\
p\xccR\xa0,fZ\x16\x8e\x9d\xe2\xd8\x95A\xa0\x04\
\x8e\x95\xac\xc1\xd2D\xd6hQ\xa2+\x8es\x17\x007\
\x80\xef\xb67\x5c\x92X\x0f\xf53\x94/\x96\xa5c\xa0\
\xc7ZU\xc6\xfa\xc6efg\xf5\xffIb-\xa6\xc7\
3\xdf\x19`V\xfco\xbe3\xe3\xb9\x9e\x10\xdf\xd9\x09\
J\x1c_Y\xa3\xc5\x09\xac\xfe\xb2$\xf6\xa4\xd6t\x1e\
\x8e\x99\x93\xe2\x88\xae\xca\x89qI\x80\x83\x15-\xa6\xc6\
\xd9\xd0q\x8f\x8e\xa9\x051\xe5\xdf\xf1L96\x86p\
W\x8e\x89\xb9\x058\xe6\x87\x88\xef\xd0\xb7\xc20\xbf\x1f\
\xa3\x89J~\xc3\xa2\x8f\x00-x\x160\xe5\x84\xd8\xc2\
)\xff\x8bH\xc2\xce\xef\xf3\xc8m@\x85\xf96\xf4]\
a\xd8\xef\xbf\xff\xce\xfc\xde\x0c'*\xf8\xbd\x1d\xbe\x07\
\xc4\x83\x16\x80yzz\x16\xb8|:'\xf8z\xecC\
\x9c\xc8GVl\xd67\xec\xa4O\xbf\xf0\xe8f\xcf\xa8\
\x9b\xb4{f={\xf1\xc5\x17Yhhh\x81\xca\xbf\
x\xf1\x22\xfb\xef\xbf\xeb\x15\xf7\xec=\xfa\xf5G_l\
\x7f\xd4\xad\xdf\xbc\xa4\xb6\xed\x07N\xed\xd3\xa7{3:\
\xef1\xf7\xdc%'{\xf0\xe0\x01{\xf8\xf0\xe1S8\
\xa7\x89\x9f7o\x0e\x7f\xe3\x8d\xd7x\x8f\x1e=x\xff\
\xfe\xcf\xfc\xfa\xd2K/\xb1\xd6\xad[\x17\xa8\xfc\x90\x90\
\x10\xa2\xf3\xa5K\x97Ts\xe7\xceE\xf9o\xf0^\xbd\
z\xf1g\x9eyf\x12\xe6\xd9\xd3O?]\xa0\xf2o\
\xdd\xba\x05}\xfe\xf3<u\xea\xd4\xd9Y\xb3f\xc5\xbe\
\xfa\xea\xab\xd1]\xbat\x89\x826\xef\x0c\x180\x80\xf9\
\xf8\xf8\x98U\x8e\x869\xb3\x14\x10\xc7\xec\x815\x0b\x06\
\xa3\x99\x22\xd7uR\xd8(\xa6Qp\xa6\xb1\xe6LG\
\xd8K\xf3\xe2;\x13\x9a\xe8\xaf\xf5\xba\x1a\x9f\x87U1\
\xff<\xcc\xd8p\xae\xc4p\xde\xc5\x1cn\xea\x98k\xb8\
\xae=\xce\xc5V\xb9E\xf1H\x90\xa8'\x09\x9c\xc1\xb9\
\xda\xb3ubuV\xb86d\x04\x9d\xa3\xd9\xf4\x7f\xb9\
@z\xd3\xf9\x17\xae\x13Y\x95`\x1d\x9d\x17\xb6\xaf\xfe\
Pw\x0b\xd7\xa2<;\xf0\xb7(,\xf3\x07\xce\xeb\x5c\
\x0c\xe7\x868\xd7b\x0a\xb7\xbaOT\xb7\xed%\xe9\xda\
\x94\xca@y\xee8'<\xe4tG\xcb\xf3\xa2\xf2m\
\xedA,\xdf\x09\xe7wf\x9f?fg8w\x93\xae\
\xa1\xafh+@\x83y\x0e\xd7p\xdeh\x0e8\xc7\xc4\
\xf2wp^\xd9\x15\xeb\xb2\x81\x9c3\xab\xf3\x9a|\xd5\
M\xd7\xe38\x7f\x14\xe7\xcc\x98~\x0a-R\x01\xcf'\
\x17\xb0n\x03\xea\x87B:\xb74\xbf\x01t>yN\
\xd0\x00m\xbf\x09\xf8\x13qN\xf3\x0f\xceS\x1dE\xdd\
g\xcc\xab_q\x0a\xe7\x9aX\xde\xe5L\x1aM\xff\xc4\
\xba\xbc\x00\xa4\xa1\x8c!t~\x8c\x8b1\xe9<8\x17\
\xabp8\x8d\xee?0\xabS\xd0\xeb\xb4\xc6\x07m\xbe\
\x9f\xcf\xf3\xe5\xec8\x8f\xb2<\xa9L*\xfb\xb1\xed\x1b\
\xe7\xd1\xe2\xbe\x09\xa0sv:\xc7\xc69\xb1\x03\xce\x8d\
\x17\xd8\x9c\xc09rap<}\x16\xca\xb4\xb1G\xff\
\xa8\x0e:o'\xc390s\xde\x95\x82s\xf9\x14\x86\
\xf3U\xe6\x18\x94Z\x19x\xe3\x5c\xfcO\x5c7\xa4\x01\
^H$\xa0\xccAt\xad@\xe7\xf7N\xa8\x1f\xe7\xcb\
\x0c\xe7\xb2\xf4\xb9:\xae%\xbaW\xde\x93:\x0e\xed:\
\x8ce\x1e\x00-\xe0\x85\xcc}\xa7=\xa9\x1f\xa2\xafN\
\xd5\xb7%\x1b\xae\x03^\x84\x06\xc7\x81\xca\xf8\x5c\x1e\x9f\
\x0b\x1d}\xb9\xa9`O\xb5m)o\xa3\xfe\xda\xe8\xff\
\x05\xc0K\x80d\xb0\x11\xe7\xe2\xfe8'\xff\x1d\xac\xc2\
\xf9\xf9.\x9c\xe3\x9f\x02W\xc15\xfd4\x04\xf0'@\
\x0b\x12A\xb0\xbe,\xe2\x02\xea\xd8\x8b\xbaf\xe2\xba\xe0\
\x0d\x97M\xc9M\xe9Z\x00\xd75\xac\xeej\xb5\xb5G\
\xa0\xba\x02\xce\xe3\xab\x00W=.\xc0\x0f\xe7\xfa\xff\xe0\
\x9c_\x07xn`\xb9\x1bu\xd6\xa8\x02p]0\x0c\
\xd7:\xaf\xa1\xbc\xceX\xdf\xcb\xa8\xbc\x1a\xf8\xce\x81]\
K\x13\xd7 .\x9b\xa4k\x1a\xc3\xfd6\xc3=7c\
\xe8:\x03\xd76.\xb8v8\x04x\x0e\xc4a\x99\x09\
\xb86\xa9\xe7\xbd,\xc9J\xba\xa6Q=vMb|\
\xbf\xcep\xcf.7\xf3\x5c)]\xeb4\x5c,\xae\x89\
^\x06\xa9\x80\x9b\x10\x81\xbf\x0f\xc6\xb5\x8b\x82\xee\xe7\x19\
\xae\x8d\x0cS\xa2 F\xf7\x09\xe9\x9a\xa6\xd9\xdc\x84\xea\
>s\x12N\x01nD\x0a\xbe\xff\xb0\xd1\xc2D\xd1F\
\xbav\xa3k\xac\xc24\xdb\xeauX\x8bi\xf1\xd2}\
\xcc\xe9\xf1\xbf\x02n\xc4Y\x5c\x0fU\xf7\x9b\x19/\xae\
\xabp\x9d\xc8\x8a\xc2p\xad\xc8\x94\x7f\xc5\x11=\x80J\
9\x01\xd7t\x7f\x09F\xfb\xfd\x19\xcb\x9aO\x8cc\xd0\
\x82\x15\x95\xd1u\xa3\xf2\xd7X\xa2\xae\xf2\xd7\x98;\xb8\
\xd6\xe3\x98&\x81\xce\xe2{3\xef\xa7\x16\xe8\x9amD\
4Q\x09\x1c\x06\x1cD\x00\x1f\xfa^9.\xb6\xe8\xeb\
\xff6\x8a\xf9}\x17e\x83\xe9F\xc0\xc1\x0d\xe0F\xdf\
\x17\x87\xe1:\x95\xf9}\x19\xa9\xf0\xfb_\xe4R\xc0\xc1\
QP\x19\x14O\xfd\xef\xe0\x9a\xf6\xadp+\xbfw#\
V\xf9\xbd\x17\xc1\xc1!\xccW\x04E^\xf7\xa2E\x8b\
X\xf3\x17B\x98\xcfs\xe1\x0e\xbe\x83\xc2\xf6\xf9\xbe\x10\
\xc6\xc1~\xdf\x17#\x1d}\x07\xdd\x15\xd7\x8c\x0e\x0e\x0e\
ER\xf7\xf4\xe9\xd3\xe9\x1e:[\xb59\x89\xd5ow\
\xb1\xa2O\xf7G\x07\x00\x07\xff\xba)\xb7\xda\xbf<\xf8\
/\xe6\xe2\xe2\xc2Z\xb5jU$\xf5\xef\xdd\xbbW\xdc\
\xc7\xbf|\xf9\x92\xef\x81\x03\x87\x97\x0c\x1f\xb9!\xe4\xe5\
7\xe6\xf0\x0e]>\xbf\xd7\xbe}\x87\x15}\xfb\xf6\xe9\
A\xd7\x9d\xb5k\xd7.\x92\xfa\x03\x02\x02XZZ\x1a\
\xbb\x7f\xff\xfe\xc8s\xe7\xce\xf1e\xcb\x16\xf3o\x87~\
\x85k\xea\x1e\x86\xeb\xea\xe5\xf5\xea\xd5\xb3j\xdf\xbe}\
\x91\xd4\xbfg\xcf\x1e\xa1?\xae\xe9g\x9f?\x7f\x9e/\
Y\xb2\x84\x7f\xf3\xcd7\xbcO\x9f>\xf4{\x08\xd5\xbf\
\xb3c\xc7\x8e\xf6\x9d;w.\x92\xfa\xd7\xad['\xea\
\x7f\xf0\xe0\xc1\x1f\x86\xfa\x87\x0e\x1d\xca{\xf7\xee-\xda\
\x80\xfa\x03\x9b7on\xd3\xa1C\x87\x22\x1b\xffw\xee\
\xdc\xa11\xd0\xe7\xd8\xb1c\xff\xcd\x9f??\xf4\xcb/\
\xbf\x0c\xe9\xd6\xad[h\xa7N\x9dB\xfa\xf5\xeb\xf7\xf1\
\x0b/\xbc\xc0Z\xd0\x0f\xcaO`|4\x1b\xc5\x19\xf3\
\xd7Ix\xe2*\xc5\x99Ha\xcc\x1e{u{\xf1\xb3\
r.\x86u\xb0\xbe=\x14r\xe6|\xb4'\xf0\xe7<\
\x88\x18\x95\x09}\xcf\xb2\xa7\x89\xfe\xb7\xa2w\x8d\xefS\
4x\xb2\xfb\x149Y\x8dG:A\xadP\x1d\xf3J\
\xd2*\xdc\xa2t\xad\xdc\xa3\xf94\xf7\x18~\xcb#\x86\
G\xb9\x1b\x81\xcf\xd1\x98^r\x8b\xe2\xaf\xbbG\xeb\xec\
j\x86H\xf72\xaa?\x14\xf7\x1fXq\x1b\xddC\xa1\
{\x1f5\x1e\x8a\xf6\xdb\x83a.a\xba{.\xe1:\
\x9e\x07qXv6\xda\xdf\xb0\xca=\x1d\x13\x04K\xf7\
d\x8a\xd3\xe8>\x0c\xd5[%XK:\x0e\x81\x86\xc9\
\x80\x9bCuiz\x19\xeb\xbd\x06\xec*\xdf\xd12\xe7\
`\xe97<\xba'S\xd4&\xee\xdd\x5cA}\xb7\xb5\
\x0cuw\x82v\xf7\x9d\xefj9\xa6f\xa3_>\xc9\
\xe9\x8evf\xe5\xdbZOj7\xa6\xcc\xe1\x1a\xdao\
g_dm\xa7\xfb6\xd4v\xea\x03\xea\xacS\xf1\xa6\
\xf6\x10\xe0\x05\xe40\xca\xf2\xa5\xfbqV\xe7\x9f\xfc\xbe\
\x969\xf7\xbd\xe8\xde\x93\xfe\xde\x97\x83\xfdU\xed|\xd4\
\xc9\x0b\x85\xab\xda\xc3\xf6W\xb4\x8d\xa8l\x1b\xaa\xe7\x82\
\xa6\xd0\xdbO\xf7\xadl\xd1~\x17\xec\xe1l/i\xbe\
\x84/R\x01/<4\x9bP~U\xd2\x88\xee\xeb\xe5\
\xf9\xdbq~\xee\xfb\xed\x09\x11\xf7\xe9\xf4\xbf5\xb7\x04\
\x0f\xac\xa5gm\x0a\x13-\xf8\x05\xedVP\xfb\xc5\xbd\
9\x85\xa2p:p\x06\xe5\x9d\x13e\xda\xa0\xfcy\x80\
\x17\x11Q\xa0/\xd5\xc5N\x99\x7fo1W\xedOK\
\xe5\xe8\xef\x95\xfa\x83\xe8\x02\xde{\xcc\x8b\x93\xa0\x8e\xe1\
\xde\xa8\xa8\xbf \xe3^\xfa\x8d\x9f\xb0\x07+\x0b\xe1\xbe\
\xa59\xfcdE\xed>\xfb\xf8\xf3\x07\xf91\xbbc\x1a\
\xf1\x1c\x84B\xba\xef\xda\x0b\xe5\xc6\x17K\xfbOkn\
\xa3\xbe\xe6to\x96\xea\x17\xcfb\xe4\xf78u0M\
\xbao|4\x9d\xd9\x1cO\xafj}\x22}\x8b\xf5\xc9\
t^l\x9cH\xdf\x84z\x9d\x81hG\x9e\xe7\x04\xfb\
\xa4\xfb\xcc\x86\xfb\xcd\x8eA\xd2s\x22\xf4\x0c\x87\xdd\x91\
\xb4\xc9\xe8\x876\x8fg\xee\x0a\x9bt\xd4\xfb\x19\xdd\x9b\
\xa6gU*\xea\x9f!\xccz\x8f<\x859\xedIe\
U\x0erVy\x8ft\xff\x9a\xa6\x0e\x07Rm\xd0\xfe\
\xea\xc0\xd7\xe1@\xda_\xf0E\x0a\xe0%\xc0\x0d\xd4\xdf\
\x92\xdamh\x1b\xb5\x99\xee\xad\x93U\xdb\x9e\x22\xeew\
\x13\xf8\xbb=h\x82e\xff\x07\xd6\x80\xb3\xf0E\x18\xfa\
\xad\x03\xbc\xa4@;\xce\xa3]}*\xeeO\xb32\xb4\
\xd5\x00\xdd+\xc7\xb4\x1e\xfa\xf3%\xfa\xb5\x09\xdcw\xda\
\x9d\xa2s\xda\x9d\xca\xcdy\xc6\xb2\x18\x89B\x1b\xa7\xa3\
\xad\xcd1^\xac3\xee\xf3oK\xe9\x00\x1f\x9c*\x8a\
\xfb\xfaE\xc2\xf6\x94Gh\xef|\xb4\xbfs\xb5m\xc9\
\x15j\xfc\x9b|\x06\xf0RH|\xcd-\xc9\x01\xb56\
%\x8fr\xd9\xa8\x0e\x07\xda\x1c\x9e\xa7\xb544.\x9b\
\xd4!.\x9b\x92w\xa0\xed?\xb9\xadS\xd9\xd6^\xaf\
~\x0a\xbc\x05\xc6\x80\x99`\x85\xdbz\xf5N\xb7u\xea\
3\xe0\x82\x09\xb7\x81\x16\xf0\x22@\x05\x1e\x80K&u\
\x1eF\x9b\xd6\x83)\xa2\x9d\x1b\xd4>\xc0\xb1\xe6\x96\x94\
\xc7\x9e\xc1\xaa\xbaMm\xf8\xcd\xc5\xc1=P]\x0d\xd4\
2\xa2&\xa8\xe7\xb1F5\xbc\xcejU\x08\xe0OH\
:\x08\xad\xb3Fu\x14e-\x06\xa3=\x02U\x9f\x82\
\xde(\xbf\xa1\xfe\xf7\x9d\x9a\x86:\xd1\x96\xca\x1ek\xd4\
\xb6\xd5\xb7f>3&\x9e\x1f\xdb\x9c\xf9;\x0d}\x97\
\xedo5\x81\xea\xac\xcf\x81aJ\xcf\x87y\x06\xa8\x06\
{\x05$%\x19=\x7fm\x0e:\xacw\xc8s\xa5j\
p\xddU*\x9f\xba+UU\xbc\x97&*\x1e\xab\xc7\
\xb4N#\x0c\xbf)\xe5\xf5\x1bOvF\xed\xa6\xdfo\
\xe8\xf7\x9c\xfa\xff$\xd9\xd5_\x964\xdb{Y\x127\
\x93H\xac\xf33\xfdfe\xf8\xfd\xc8@\xc63sF\
\x14\x95A?\xf1\xecz\x83%\xe2\xb7\xa1f\x8d\x16'\
\xde\x07<7\xb0\xdc\xdd\x86K\x12\x07\x0e\xfa\x22\x94\xd5\
\xc7\xba\x86g\xd4=W\xa8\x98\xc2\xd6\x9e\x15\xb7y\xfe\
\xa3bM\x16$\xd2\xefJVM\xe6'\xcc\xa1g\xf0\
s\x02\x7f\xbf\xd7dAB\x9f\x86\x8b\x13\x18\xfa \xfd\
\x16\xb6,\x89\x95\xb45^\x94(~\x9b\x02\xbd}f\
'$\x01\x9e\x0d)\xf8\xfb;M\xe7%2z\x06\x92\
~G\xa3>X\x82\xd1o\x8f~3\xe2\x89j\xca\xbf\
\xe3\x8f\x03\x9e\x0d\x97\x943\xe2]\xe8w\xc0fX\xbe\
\xa0\xcfX\x16\xa6A[\xd6|r\x9c\xf4L\xe8\xe4\xb8\
\xdf\x00\x7f\x8c)q\xd3Z\xccMP\xd0\xefx\xb4\xbc\
\xa5\x99rj\xbcx\xf6\x13<\xab\x1c\x1f\x9b\x02\xb8\x11\
Q\xf8\xbe\x83\xf8\xfb\xb4xf\x89\xa6\x9c\x08\xed\x7f\x8b\
%\x1a\x80{\x80\x1b\xb1W\xf9{lE |d\x91\
\xed'mG\xc5\x10N\xe0(\xe0F\xac\x02\xd6\xe2\xef\
\xe3c\x98\xa5\x9a\xdf\xf0h\xc2\x06\xac\xf7\xfb)\x9ag\
0<z\x96\xdf\x0f\xe2o\xcc\x92M\xb4q\xa8\xf8\x0d\
z&\xe0F\xfc\x04\xc4\xdf-\xba\xfd\x18\x1f\xf4\xee\x15\
\xf8\x1dp=\x1a\xf0\xba\xf8\xfe\xe3\x08\xcbn\xff\xff\xd0\
\xc6O\xc1g\x91\xc3\x00\xd7\x93\x0c\xfa\x00\xfam\xde\xa2\
\xdb\xdf\xcc\xff\x11\xf3\xfb \x82\x18\x09\xb8\x9ed\xd0[\
\xff\xbdE\xb7\xdf\xf7\x950\xa6\x84\xce\xbe\xaf\x87\xcf\x06\
\x5cO2\xe8\x0d\x98\x1f\xb0\xe8\xf6\x0f\x0c#l|\x9f\
\x0b\xdb\x00\xb8\x9e$\xd0\x050\xdfA\xa1\x16\xd9\xee\xc5\
\x8b\x17\xb3\x03\x07\x0e\xb0\xa9\xb3\xf62V\x81[\xfb\xf4\
\x0c\xdb\xe4\xd33\x94c\xca}{\x85\xc5\xf8\xf6\x8em\
\xe9\xdbq\x11\xa3\xdf\xdf\xbbt\xe9bQm\xff\xf0\xc3\
\x0fYDD\x84x\xa7a\xdd\xba@\xe7E\x8bW\xd5\
\xef\xd4\xff\xca\xfa\xa7\xba_\xe3-\xfc/se\xc7s\
\x11\x8d[\xfc\xd5\xd3\xd7\xa7n\x9d\x8e\x1d;:R\xfb\
1\xb5\x98\xf6O\x9a4\x89\x1d>|\x98\x1d9r\xc4\
\xf9\xf2\xe5\xcb+\x83\x82\x82\x1e\xcc\x9d\xb72\xf1\xa7\xe1\
S\xf9;\xef~\xcf{\xf5~=]\xd9\xbc\xd5\xa3\xae\
]\xbb\xde\xef\xdb\xb7\xefh///\xabv\xed\xdaY\
L\xfb\xff\xfc\xf3Ov\xf7\xee]v\xfd\xfa\xf5n\xf7\
\xee\xddS\x1d?~\x9c\xaf^\xbd\x8aO\x980\x9e\xff\
\xef\x7f\x9f\xf2\xfe\xfd\xfb\xf1\xf6\xed\xdb\xd33\x14\xc4\x0d\
\x7f\x7f\x7f\xf7\xae\xf4\x22\xbc\x85\xd8\x86\x0d\x1bX||\
<C\xdb\x87<|\xf8\x90\x1f;v\x8c\xafZ\xb5\x8a\
\x8f\x1f?\x9e\x7f\xf6\xd9gh\x7f\x7f\x8e1\xc3\x07\x0c\
\x18@\xed\x8f\xe9\xd1\xa3Gk`1\xed\xdf\xb7o\x1f\
KHH\xa0gW>\xcf\xa9\xfd\xd0\xdc\xd0\xfe\x84\x9e\
={\xb6\x05\x16\xd3~\xb4\x95\xc5\xc6\xc6\xb2\xe0\xe0\xe0\
w\xd0~]v\xed\xc7~\xc7\xd0\xfe\xa8\xee\xdd\xbb\xb7\
\xb0$\xfd\x87\x0d\x1b&\xde\xd7\xbar\xe5J\x1b\xf4!\
\x9a\xc6\xbfi\xfb\xdb\xb6m+\xa6\xe0\x0c\xfaR\xd3\x92\
\xf6\xa1c\xc6\x8c\x11\xcf\x9f\xed\xdf\xbf\xdf\xe1\xdc\xb9s\
3\xf7\xec\xd9ss\xd1\xa2E\xd7\xf1\xfd\xf5!C\x86\
\x5c\xef\xdd\xbb\xf7u__\xdf\xebh\xf7\xf5>}\xfa\
|E\xcfI=\xf5\xd4SE\xd2\x16N\x0f(qL\
5\x8cy\xea\xa7\xf64Ma\xcc\x9a\xa6q\xfai0\
c\x0a\xfd\x94\xd14\x08\xd3QF\xd3\xd1\x98\xfa\x1bM\
\xc5\x8d\x16\xf1\x1c\x93\x98\xd2j\xccp\xab\xa7\xa0?I\
+\xa4v\x18\xda7Jj\xaf5\x97\xdao\xaf\x9f:\
\xeb\xa7\x9eb\xaaC7\xb3\x9br\xac\x9e\xbf\xa9\x7f\x96\
rS\x1e\x9b:\x9b9\x15\xcb\xd3sZ\xb4g\x1e\xcd\
\x8c\x9e\xd3\xeaZ\xb8\xcfi\xe5d\xf4\xec\x16\xbd\x7f\xe6\
\x1a.MY\x8f\x07\xcc=\x9a7v\x8f\xe1\xc3=b\
\xf91\xf0\x00<\xcc\x86G\xe02\x96\xfb\x08\xcbWt\
\x09\x97\x9e\x01#\xe8\xb9\xae\xd2b\xf4\xdc\x19=\xbfE\
mF\x1f<\x5c#t#kG\xea\xae\x02\x0d\xe0f\
\x90\x88u\x96a\xdd\x16\x15n\xe92\x9e\x87\xa3r\xe9\
\xd96K6\xf1\xec\xd8=\xe9\xf9;\xb4\xb964\xd8\
V3T\xc7\x05!f\x92\xb9\xfc\x7f(\xe3k\xe0T\
U\xff<\x1cA\xef7Z\xa2\xd1sn\xf4\xcc\x1b\xb5\
\x11\xed\xb5\x87\xaf\xa6\x9b\xfb\xec\x5c.\xa4\xa1\x9c\xb5\xd0\
\xb4\xa5\xe3-\x0ds\xba#\xd5A\xcf\xa4\xd1\xfb\x92\x96\
d\x8e7\xf5m\xfbO<\xb7\xf8\x11\xfc\xa4\xa6\xe7\xe9\
\x0a\x89\xdbT&\xfa_\x91b\x8eP]\x04=/g\
\x09F\xcf\xd8\xb1\x03\x92O\xd0\xbe.\x18\x0b\x0f*\xdd\
\xd6\xf2B&\x19\xe5.A\x1d\x1e\xf4\x5c\x22\xbd\xaf*\
\xea-a\xd3?\xf7'\xda\x02\x7f\xd03\x93\xf4\xdc!\
/*P\xc7Z\xe0J\xfd\xa7z\x8b\xea\xb9FsL\
\xbcs\x9b\xf9\xeccE\xfb\xab\xda\x85\x80\x17\x03+P\
_\x0d\xaa\x97\xea\xa7v\x94\x84\xd1\xb3\x9f\xe2\xbd\xeb\x0b\
i\x0a\xdbK\xdao\xd0\x9eT\xc0\x8b\x01\x1d\xea\x9b\x84\
\xbam\xa9\xff\xd4\x8e\xfc\xbe3]P\xa3\xe78\xe9y\
B\xfds\xa9]\xe0\x83P3\xe3\xfc\x14\x16\x09\xa8\xf7\
u\x1b\xfd\xf3\xb7\xe2\xb9\xd2fO\x15[\xff\xe99D\
\xf1<\xeby\x8d\xa3\xf5yM \xe0%\xc0U\xd4\xef\
cx.5_\xef\xac\x17\xc4\xa8\x9e\x13\x19\xef\xbc\x0f\
\x02IE\xf8\xecj^\xac\xc18t\xd2?G[(\
\xcf\xb6\xe6i\x99\xcf\xbdV\x05{\x8a\xf8\xb9\xd7\xbcH\
\x07\xdf\xb1\xf3\xc5\xd4\xff3\x1ac\xde\x02\xa9\xc5\xf4\xec\
ln\xdc\x05\xbeY\xdaV\x14\xfb\xfb\x13\xe9\x22\xd6\x81\
\xbe\x8e\x1a\xe0\x90\x05\xf4\xdd\xc0xvQ\xa3`\xfa\xd8\
f\xd4\xd6\xc26C\xec5z\xf6\x1a|\x00\xd2\x00\xb7\
\x10\xc2@Oz&\xba\xce\xea\xe4\x02=_\x9d\x9du\
\xdc\xc1\x0d\xcf,\x93\xb6\x1e\xd6'\xd3O\x14\xebs\xcb\
\xe6q\x0cm\xabk\x03\xdfS[\xed\xcdx\xbe9\xd7\
k\x9a\x03i\x02\x07}\x5c<\x8aSj{4\xdd\x09\
\xe3`\x11\xe0\x16\xca\x04\xf4\xdd\x8a\xfaO\xcf\x9a;\x1e\
\xc8\x9f\x06\x86\xe7\xbcm\xf7\x19=\xef\x1d\x94\x11\x1b\xd0\
\x1e\x9a\xfe\x014\x80[(\x11\xc0\x9f\xfcU)\x08\xfd\
\xd7?\xbb\x9e\x9b\xd1\xb3\xe2\x82\xbd\xfa\xe7\xb1\xf5q\x0a\
\xab\xef\x10}w\x04n\xe8\x7f[\x8c\x83\xbf\xa1\xa9\xba\
\x84\x9e\x197\x9f\x03i;\xd0^\x8fJ\xfb3\xfbC\
\xfd{\xec~\xcdN\xe9\x99s\xc1n\x09\xcf\x8d\x09\xd4\
\xf7Z\xe0y\xac?\x09l\xc78\xb8\x0a\xa2J\xf2y\
\xf3'`\x17\xfa\xd0\xdc\xd0\xafjG\xb5\xa2\x9f\xd4g\
\xe3\xfe\x13\x95\xf6\xa6Xa\x99:\xd0\xe890\x09\x9c\
\xaa\xbc'5\x19\xba\xf1R\xcd\x9e\xd4\x1b\xe8\xcb\x17\xe8\
[\x0d\xea'\xc5\xef\xa1w\x0b\xc4t\x0b\xcd\x8b\xe7\xf4\
\xeb\x83IUv\xa5\x5c\x85>\xc9\x80\x971\xd2\xd1\xbf\
 \xf0A\xd5\x9d)\xee5\xfeU\xb3\xcc\xe7\xfc\x93\xbd\
\xa1\xc7.\xc0\xcb\x01\xe9\xe0\x5c\xb5m)\xc3\xd0\x7fo\
\xbb\x83j\x8a\x9b\xba\xbd\x94\xbe'P\x10t\xe0F\xcd\
-\xc9?\xd7\xda\x9c\xbc\xa1\xb0c\xae\x96\x12\x92\xc0a\
\x97\x8djw\xd7\x8d\xeaY\xae\x1b\xd4\xb7@,H\x07\
\xbc\x0cB\xfd\x0aq\xa5xR\x1b\xd5c\xd1\xef\x9e\xa0\
&\xc5ur[\xa7\xb6\xab\xbd^]\x17\xb4\x07oP\
l[|7\x1aL\x05+\x00\xc5\xbe=\x09Ne\xc3\
E\xb7\xb5\xead\xc0K\x80d\xd4\x1f\x0a.g\xd3\xae\
c`\x1bX\x04~\xd5\xf7\xcb\x0fT\xae\xb5Y\x8a\xa9\
K\x18\xde\x930\x85\xde\x9b\x08\xa8\xa7fu\xd6\x88w\
>*\xba\x07\xaa\xabS<,\x13\xe8\xbb\xda\x1e\x81\xaa\
w=\xd6\xa8\xce\xd4Y\xa3\xd2\x01^\x04\xa8Q\xfe]\
p\x08\xacB}S\xc1\x080\x10\xf5\xfbP\x1b\xb2i\
[5\x8a\x0f\xe6\xb9Jme\xdaOW\xa3\x18\xc5\x06\
3\x8e\xb3E\xa0\xdf\xd9\xbf+\x92\x0d\xa8\x87\xde\x97\xf0\
\xf4\x5c\xa9\xda\x02x!\x11\x892W\x83\x1f\xc13\xa0\
A\x9dU\xaa\xca\x98\xda\xbanJ1\xab]\x86\xf6S\
\xfb\x8c\xfbVX\x06\xfd\xa5wDV\xd3{3\xe2\xdd\
\x8bV\xf5\x96'\xddy,\xces\xfeH\xab\xb7\x22i\
\x1b\xca\xea\xe1\xb5Beg\x88Mf\x1c\x9f\xcc\xc3\xf0\
^J\x80J\xb4\xc1@I\x18\xb5\x8b\xde\x9b\xa18f\
\xf4\xfe\x86\xf7\xb2\xa4O@J>\xde\xbf1\xe6!\xca\
\xf8\x0aeU\x15\xef\xb1\xa0\x7f\x9e\xfa\xfe\x1b\xbf\x9bc\
iVOz\xefHzwgI\xa2S\xc3\xc5\x89{\
\x1aJ\xef\xe7\xe4\x87\x8bX\xb7\xbb\xc7\xcadQ\x96\xf7\
\xd2$\xf1>P\xbd\x15I\xac4\x18\xf9\xdeo\x16\xbd\
\xfb#\xde\x87\xf9\xa0\xf1\x82D\x0d\xe0f!\xc5.o\
G1\xf1,\xe9]\xa0\xfcZ\xa3E\x89\xe2\xfd\x1b\xe0\
\xd1l^\xc2%\xc0\xcd\xe0\x06\x96\xef \xbd7\x95 \
\xca\xb0\x94w\x89\xf2kM\xe7&\x88\xf7q\x1a-I\
f\xbe\xb3\x13&\x03\x9e\x07)X~0\xe5W1\xbc\
\x87TT1\x09\x8b\xa5\xff\xf3\xc4{c\x86\xf7\xafz\
)g\xc4'\x02\x9e\x0bW\xb1\x9c\xbbx\x0fk\xae\xa4\
Ai7\xea\x0b\xbd\xd7\x04\xaa)\xa7\xc6\x1d\x05<\x17\
\x16(\xa7\xc7[\xd3\xf2\x143\xb2,\x98\xc870)\
N\x8a\x7f9)\xee/}>\x83\xecH\xc4\xdf\x9f\x11\
\xcb\xceL`e\xc9\x94\x93b\x99r\xbc\xe0\x15\x90f\
\xf2\xfe\x9b\x81\x1d\xca\x09\xb1\x95\xc5\xbbZS\xe2\xcaV\
\xff\xc7\xa1O\xbf\x0b|@\x88\xc9\xfbs\x12\xbf\xc7~\
!\x96\xf9!J\xbcoW\xe6\xfa?&\x86\xa8\xaa\x1c\
\x1ds\x02p\x13\xd2\xc0\x0b\x22W\xd6\x84XV\x16M\
\xf9K\x0ca\x076\x00n\x82\x1a\xf4\x10\xcb\x8c\x8c)\
\x93\xfd\xf7\xfb)\x9a)\xbf\x8e\xa6\xe9\xcc,\xef/J\
D\x81\xd6b\x99Qe\xb4\xff\xf4\xfe#\xbd\xe7\xf8}\
\xd4p\xc03\xf8NLo\x83\xba\x80\x95U\x13\xef~\
~#\xf8\x0cp\x13\x8e\x00g\xfa{\x99\xed\xbf\x94\xb3\
\x87x\x13h\x007b\x8d\xdf\x97\x916\x85\x95\xc3\xc7\
\x22\xfb\xffi\xa4\x81\xe7@*\xe0F,\x04V\xf4\xf7\
2\xdb\xff\xf7#\x98\xdf\x10\xc1+ \x1dp#\x16\x02\
+\xfa{Y5\x9f\x97\xc3\x19\xe5\x90\xf2{+\xfcK\
\xc0MX$bs\xbf\x15^f\xfb\xef\xfbR\x18\xf3\
}\x15\xbc\x1c\xf6'\xe0&,\xf0}%LA\xef\x08\
\x97\xd9\xfe\x0f@\xdf\x9f\x09U\xf8\x0e\x0c[\x0c\xb8\x09\
S}\xfb\x872z\x8f\xb8\xac\x19\xc5_\xff\xfb\xef\xbf\
Y\xd3\x9e\xe1\xcc\xb7\x0f\xfa\xdf;\xf4\x1f\xc0M\x18\x0b\
X\xd3\xdeI\xec\xe3\x8f?f\x1b7n,\xb2x\xf0\
\xc5i\x13&L`\x07\x0f\x1e\x141\xd0\xf7\xee;\xc8\
\x16-\xd9\xce\x9at\x0c\x9b\xd2\xacs\x18\x17t\x09\xe3\
>]\xc2\xb9\x8f\x7f\xf4\xd0F\xca\x9fX\xe7\xce]\x18\
\xbd\xbfI\xef\xe1\xb5l\xd9\xb2\xd4\xf7\x7f\xed\xda\xb5l\
\xd7\xae]l\xcb\x96-Uv\xec\xd81h\xcd\x9a\x95\
o\xbe\xff\xc9\xee\x0d\xfd^8\xc0\xbb?\xb3\x8bw\xec\
\xb1\x99?\xd5)P\xa7l=b\x81\xa7\xa7\xdb\xebm\
\xdb\xb6\x1d\xdc\xb5k\xd7f\x03\x07\x0e\x14\xeb7k\xd6\
\xacT\xf7\x9f\xde\xbd'_^\xbe|y\xf8\x95+W\
\xd2\xf6\xef\xdf\xaf[\xb5j\x95n\xda\xb4\xe9|\xf8\xf0\
\x11|\xc8\x90!|\xc0\x80\x81\xbcM\x9b6\xba\xe6\xcd\
\x9b\xeb(\x1e>\xd8\xdb\xb1c\xc7\x1a\xf4>~\x83\x06\
\x0dJu\xffi\xdc\xef\xde\xbd\xbb\xe6\xfd\xfb\xf7\xcf\xdc\
\xbe}\x9b\x1f:t\x88cL\xf0\x993g\xf2\x91#\
\x7f\xe1\x1f}\xf4\x11\x7f\xee\xb9\xe7\xc4;\xb4\xf4\x1e6\
\xfcN\xef\x01\xab\xbbw\xef\xde\xafO\x9f>\xa5~\xfc\
_\xb8p\x81\x9d={\xb6Uxxx\xe4\xad[\xb7\
\xb2\xf4\xff\x97_2\xfbO\xef\xd0c\xbb\x17\xefA?\
\xfb\xec\xb3\x94\x97\xe1{\xca\xa5\xa8T*Ku\xffo\
\xdc\xb8Ay\x0f\xbaEFF\xaar\xeb\x7f\x87\x0e\x1d\
D>\x06\xea?\x81\xf9?(\xd7cQ\xbd\x8b\x5c\x5c\
F\xb9&\xaf_\xbf\xde\x03\xfdO\xceg\xff\xc7\x0d\x1e\
<\xb8\xd4\x1f\x03\xae^\xbd\xca.]\xba\xd4!\x22\x22\
\x22\xde\xdc\xfe\xeb\xc7\xff\xa8W_}\xb5\xc0\xb9DK\
\xda\x8e\x1e=J\xb1?\xbc\x1e=zt'\xb7\xfe\xb7\
k\xd7\x8ew\xeb\xd6M\xec\xff\xd0\x7fM\x8f\x1e=D\
\x8ex//\xafR\xdd\xff\xc0\xc0@:\xff\xb3\xbby\
\xf3\xe62\x90\xd1\xff\x193fd\xe9?\xed\xffq\x0c\
\x14\xbe\xef\xdf\xbf\xff\x1d\x1c\x0b\x1aQ\x1c\x11\x1c\x13K\
u\xff\xe9\xd8\x8f\xf1O1`\xdab\x1c\xec\xc2y\xd0\
\x89\x85\x0b\x17\x1e\x1f7n\xdc\xf1o\xbf\xfd\xf6\xf8[\
o\xbdu\x1c\xc7\xfb\xe3\xadZ\xb5:\xde\xb0a\xc3\xe3\
\xe8\xf7\x09\x1c\x07\xbe\xaa_\xbf\xbe\x15\xed\xfb\x9e4'\
L\xc1\xda\x9cB\x01\x1a\xb8\x98\xda\xd3T\x04f\x80\x05\
K=\x12\xd3Q\x98\x06\xe9\xa7\xa3\x19Ev\xe0R \
\x06\xfd\xd4\x99s\xf1Z\xba}\xe6T\xbc~b\x9d9\
\x15\x8f\xdc*D\xf1\xa2`\xc34XLGq\xa99\
\xfe\xfa's=\x83\xa4\xa9\xb3\xbe\x99\xd6\x05\xed\xa7\xbe\
<{\xa9}\xfav\x8b\xfe\x8e\x96\xba\x85\xfe)\xb8\xd4\
_k\xfd\xd4^?u\xe6\x92.\x9e\xfa\xa9?\x97\xf4\
2\x9d\x8ab\xd0a\xd3)/\xd0\xd4Pop\xc6\xd4\
\xb9\x10\xa7\x14'\xa2/\x98\xca\x8c\xe2D\x0c*\x9e8\
\x11\xa6F1\x03(f\x84 BG1#\x1c\xddc\
x/\x8fX>\x87\xe2B\x80\xe0<X\x8b\xe5[\xd5\
\x08I\x17\xeb\x0b\xc2\xa5\xd8\x09\xa5\xdd\x8cs\x22\xa1_\
\xf6\xa0O\xedH\xddJ\xb7H\x1e\xe1\x16\xc5\xb9\xb9`\
\x9dk\xe0s\xac_\x95\xe2S\x18\xc7\x96(\x89|I\
\x85a\x14o\x82\xe2bP?\xd0'\xca\xb9\xf4+\x88\
\xab\x15\xa6\xe3OH\x1a\xd6\xff\x17e\xf9{D\xeb\x14\
\x06m\x0c9\x99J\x93Q<\x06\xca!%rb\xdd\
\xd7P?\xde\xc7v\x96\x04x!\xf0\x08\xe5\x0d\xab\xfa\
@W\x8d\xf2EQ\x5c\x0e\xc2\x10\x9f\xc2\xe2\xcd\xcaJ\
\xc4\xec\xb0\xbfH\xed\x16\xbe\xed\x08\x1f\xdf\x05\xbc\x10I\
G\xb9\x9b\x9d\x83\xb5m\xed\xceq\xa1\x0bQI\x1f\xc3\
\xc2\x92\x8dr^\x89\x5c\xeaR\x9b\xeb8\xdd\xd1\x06\xe5\
'\x97V\xbe\xb8\xa3\xbd\x8bq\xf39\xea\xa9l\xc8\x03\
\xefpC\x9fw\xcb\x02\xcd^\x1f{\x83\xda\x09?:\
\xa2\xcds*\xde\xd2\xf2\x22&\x15\xf5,D}5)\
\xee\x09\xd5oo\xa1\xfa\x18\xe2\x81\x08?^\xd7~\x0e\
\x92)\xcf}1\xa0\x03\xf31n\xaaf\xc4\x07\xb9b\
Y\x1a\xd9^\xd0\xb0\x0a\xd7\xb9h\x97\xfd\x15mO\x8c\
\xa5G\xc5\x143\xc4\x80\x16\xcc@\xfd\x95E\xfc\x90K\
%\x17?\xc4\xd4(\x8e\x87!\xa6\x08\xf0F\xfbN\x14\
S<\x11S\xd2l/i\x87\xdb]J\xb72\xc4\x17\
\xb1\xbeT\xf2\x1aQ\x9c\x0b}\xbc\x11G\xf8lI1\
\xc7\x1b1%\x02\xf4\x15\xed\x816V%\xac\x8f\x15\xc5\
~\x18\xac1\x8c\xa1A \xa9\x08r\xe1\xe5\x97\xe3\xd6\
\xe75^\xd6\xe73b\x85\x94\x98>\x22^\x8b\xd4\x86\
\xaa`w\x09\xc6+1e\x0e\xa8`u\xae\x98c\xb8\
\x18\x1b\xc5\x8c8\x9b\x91\x8b\xf0\x03LS\x01\xb7\x10T\
h\xd3\xfb\xac8\xe3\xbbd\xa3\x8f\x88ysVS\x1b\
m8Q\xc2\xf1^\xb2\xe3\x16Pf\xe8S\x9c\x1ae\
\x8d\x07\xf3\x05\xd0XPL\x14c\xa6\x01\xab\xe2\xd4\xc7\
\xfad\x96x1\x1e\xe0\xac\x85jC<\x00\xad\xd9i\
\x1c?Nj\x0a=~\xcac\xe7\x81\x14K\xe6t\xba\
!\x96\x0c\xf1-\xd0ZP<\x99\xec\x08\x04U\xc8\xa7\
\x22\x16P\x11i\xa4p\xae\xce*\x1c\xd7\xc7\x9b9!\
\xe2\xcd4\xc0X\xba\x8c\xfa\xb8\x85\x93\x8ev\x0e\xb7>\
\x9ene\xad\x8fAS$\xd7\xe6F9D1\x8e\xaa\
\x81\x956\xc7\xd3y)!\x14\xed\xedD\xe3\xdf\xe1P\
\x9aY9Hs\xb3\x8a\xfax5\x84\x83Q\xac\x1a\xd2\
\xc8\xfeH\x9a\x83=\xe5(=\x92\xa6\x05\xbc\x14\xb1\xde\
\xfepZe\x8a_D\xb1\x87\xb2\x8b\xdd\x92\xeb}?\
C\x1c\x9b}R\xec\x9bJF\x1a\x11N;TTn\
\x0dh4\xb6\xc2\xa1\xb4d\xc0K\x19\xc9h\xfb\xfb\x8e\
\x07\xd0\x9f \xa9\x7f\x86>\xe7d\x8680\x227\xec\
\xde4)/\xac\x1e\x94Q\x01\xba\xd4\x03\xdd1\xff1\
\xc6\xd0\x04p\xc81(-\x0d\xf0\xd2Ij0\xfa\xf2\
\x8a\xe3\xc1T+\xa1\xcd~)'.\xf5\xff\xb1{\xe8\
\xc6q\x80\xf4T\xda\x9bf\x8b\xf5\xbc\xc0\x9b\x95\xf6\xa5\
\xae\x06\xb7A\x02\xd0\x01^F\x88\x02?\xa0\x8f\xd53\
\xfa\xbd/3\x8f\xad\xb1>\x143\xc7iw\x8a-\x96\
\xf1\x81\x86\x1f9\xedN]\x01=\xaf\x83T\xc0\xcb0\
i\xe8\xebn\xf4y\x00\xfa\xeeH:\x10\xd5\xb7I\xb1\
\x84\xaa\xe9\xa7Uw\xa6xB\xa7\x19\xe0>\xd0\x02^\
\xce\x88\x03\xeb\xc0\xcb\xd0\xa7\xba\x881\x94\x19g\xc8\x0d\
\x1a\xad+'q\x86\xf2B\x0d\x820n>\x84>\xb5\
]7&S\x1c\xa2\xd55\xb6&k\x01\x97\xc9 \x0d\
\xba\x9c\x04\x1f\xd6\xdc\x9c\x1cT\x0ec\x14\x99\xcbu\x97\
\x8dj_\xb0\xcdu\xa3:\x0d\xf0rN*\xb4\xb8\x0b\
6\x82/kmJn\xe1\x82m\xac\xf6z\xb5\x1bx\
\x01\xfc\x08\x16\x81=\xe04\xb8\x06\x82A$H\xae\xbd\
N\xadq\xcb\x99\x8c\x1c\xd5\xb5\x8b&W\xf5\x93\xf2X\
[\xd1\x97t\xa0\x02\xe1\xe0\x16\xd8\x07\xa6\x82Wko\
P7\x06\x15jnJf\xd0'#.\x90!\xdf\xb5\
\xfbZ\xb55\xca\xa8\x04\xaa\x01w|n\x0c\x9e\x06\xfd\
\xc1;\xe0\x83lx\x1f|\xea\x1e\xa8\xfe\x17\xa4\x00^\
\x1cxd\xcek\x80\x0aD\x83\xff\xc0v\xb4g:\xf8\
.\x87\xf6\xbe\x09z\x81V\xe8\xa3\x17p\xf2^\x9e\xa9\
\x81`\xd3\xe3q\xa2\x8csj\x1b\x93\x11/i].\
\xac\x15y\xb6\xab\xd4Y\xad\xfa\x00\x5c)@\xae\xf0\xbc\
\xd0\x82X}\x1dk\xc1H\xd4Kq\xaaz\x83\xd6\xa0\
\x01\xa8\xd8`Y\x9c\x22\xb7\xb6\x1a0\xed\xab\xb1\x1e9\
\x99i\x8eos0\xc46\xa28G\x9e+U\xfe\x9e\
\x01\xaa\x87\x80\x17\x22\x1a\x94\xbb\x1f|\x5cw\x95\xaa\x13\
\xf0\xc0\xbc\xbd\xdb\xda\xc7s}\x1b\xe2*\xb9\xadO\xce\
W\x1f\x8a\xca\x0c\xed\x12\xb9\xce\x03\x92\x98\xcb\x94\xdb\x14\
#\xe8;\x90^\xc0\x98S\x06\xee\xd4[\x91\xf4\xbd\xd7\
\x8a\xa4Z\x9e\xab\xb2\xe6B\xcf)\x1fzQ\xe6D\x7f\
R\xa3XQ\xfa\x5c\xf0\x14G\xa8\x8a\xf7\xb2\xa4\x8d\xde\
K\x93x\x01HG\x19\x81(\xabe\xad\x7f\xa5\x1c\xeb\
\xca\x85Q\xccky\x12s\x0f\xcc\xd4\xc7\xe9\xd9/K\
\xcdsQB\x9b\xcc\x98U\xdd\x1a.N\x8cy\x82\x98\
U\x84\x1a\xeb\xff\x86r\xaaP\xcc&C\xb9\x14\xbb\xaa\
\xb4\x1b\xe5\xa6o\xb4P\xe4\xb3w\x04\x9b\x00\xcf'j\
\xf0s\xa3E\x89\xf6\x14\xdb\x8a\xb4n3\xf5^\xa9\x8c\
m\x95\xad>\x8b\x12\x99\xdf\xac8)\xe6\xd5\xfc\x84\xd7\
1M\x01\xdcLR\xb0\xce\xc8&\x0b\x12\xec)\xe6S\
i\x8e{\x95\xf3M|+\x11\xd3\xcag\xae\x88\x0b\xe5\
\x06.\x00n&s\x9a\xcdMplZ\x06\xe2b\xe5\
f\x14\xf3\xcaw\x16\xfa\xb7@\x85\xb1\x14?\xc9of\
<7\x83H\xdfY\xf1OQ\xcc(Z\xbf\xe9\x82\x04\
V\x96\x8d\xf4\x11q\xa5\xfe\x8e\xef\xa9\x9c\x1e\x9f\x00x\
\x1e\xec\xc7\xb2N\xb4\x8e\xf3\xc2\xb2\xad\x0d\x99\xdf$h\
35\x8e\xa8\xa6\x9c\x12w\x14\xf0<\xf8Y9\x19\xcb\
O);q\xc7r3\x11\x8fm\x22\xfa\xfbg,M\
\xa7\xe4\x12\x93\x8c\xb8\x07\xfc\xc4\xf2\xd3\xca\xbe6B\x1f\
\x1a;\x132b\x96\xbd\x09\xd2\x95\xe3b\xf9cHq\
\xcbfbYk\xb1\xfc\xe48V^\xcc(\xa6Ys\
\x10\x06x6$\x81>b\xb9\xbf\xa4\x18x\xe5F\x9f\
?3b\x9eU\x03'\x01\xcf\x86p\xa0\x14\xcb\x8d\x8f\
e\xe5\xcd(\xd6\x19\xb0\x03\x1b\x01\xcf\x86{\xa0\xbeX\
\xee\x8f\xf2\xa7\x8f\xdf\x88h\xe6\xf3m\x14Mg\xfb\x0d\
\x8f\xe6\x8f1\x22\xfa2\xa8M\xcb\x95G\xf3\x1b\x16-\
\xc5U\x1b\x16=\x1c\xf0l\x08\x02\x95i\xb9r\xa9\xcf\
\xe7\x18;\xdf\x0a\x86\x00\x9e\x0d\xcb\xfd\xbe\x8b\xb2\xa6e\
\xca\xa5>_G\x19x\x05\xa4\x01n\xc2\xef~_E\
\xb2\xb2\x1c\x97.W}2c\xd6\xf5\x03*\x93\x98u\
:\xf0\x89\xf8\xfb\xe7\x91\xe5S\x9f\xcc\x98v\x9dA\xbc\
IL;\x0dx\xdb\xb0L\xb9\xd4\x87\xe2\xdd}(b\
\xde\xf5\xc44\x09p#4\xe0m\xf1\xf7\x0f#\xca\xa7\
>\xef\x84\x1bx\x03h\x007\x82>\xbfmX\xa6<\
\x1a\xc5\xc3\xf3}-\x9c\xf9\xbe\x1a>\x14Sn\x82\x06\
\xbc-\xfe\xfeZ9\xd5\xe7y\xe8\xf3\x02\x18\x146\x11\
p\x13\xd2\xc0\xcb@,S.\xf5\xa1\x98\x82\x14w\xb0\
\x7f\xe8\x02\xc0MH\x06}\xcaj\xdc\xc1\x9cl\xd2\xa4\
Il\xda\xb4ib\xfa\xfe\x97\xfbY\x8b^\xf7\x99o\
\x8f\x90\xbf\x017!\xc1\xb7Gh'\x9f\xee\x0fY=\
\xaf\xba\xacq\xe3\xc6\x82\xde\xbd{\x97Ym\xec\xec\xec\
\xd8\x92%K\xc4<\xc5\xad\x09\x0e\xbe\xc7\xfe\x98t\x9d\
5i\x1f:\xb2Y\xc7Pn\x8cO\xa7\xb0\x08\x9f\xce\
\xf1\xcd\xfd\x9e\x1e\xcf^\x7f\xfdu6`\xc0\x00\xe6\xeb\
\xeb\xcb\xda\xb4i\xc3\x9a4iR&\xf5\xf9\xf9\xe7\x9f\
\x19\xc5\xe5\x0b\x0e\x0e\xa6\xb8v\xadv\xed\xda\xf5K`\
\xe0\xeaQ?\x0c\xdf\xb0\xeb\xb5\xb7\xb7\xf2\xe7^^\xcb\
{?\xbb\x8cw\xee1\x8f?\xd5\xe1\xaf\xf8f\xbe\xdd\
gxyy\x8e\xea\xd8\xb1\xe3\xd8n\xdd\xba\xf5\x10\xd7\
\xfcJ%k\xd5\xaaU\x99\xd4g\xd4\xa8Q\xa4\x0b\xdb\
\xb6m[\x8d\x1b7n\xec\xbd|\xf92\xdf\xbf\x7f?\
_\xbb6\x90\xcf\x993\x93\xff\xfa\xeb\x18\xfe\xd5\x97\x9f\
\xf37\xdex\x95\xf7\xea\xd5\x83\xb7h\xd1\x9c\xb7n\xdd\
\x9ab\xfe\xf1~\xfd\xfa]\x86\xb6\x0d\xfc\xfd\xfd\xcb\xec\
\xf8\xf9\xe2\x8b/DL\xb8s\xe7\xce\xf5{\xf4\xe8\x91\
\xea\xda\xb5k\xfc\xe0\xc1\x83|\xdd\xbau|\xee\xdc\xb9\
\xfc\xb7\xdf~\xe3_}\xf5\x15\xf4yC\xc4C#m\
\xbaw\xefn\x88\x0b\xa6\xeb\xd1\xa3\xc7\x87\xcf=\xf7\x1c\
svv.\x93\xfa\xcc\x9a5K\xc4\xcc\x82F\xc3#\
\x22\x22xn\xfa\xf4\xea\xd5K\xc4\x0c\xa3\x98\x99Fq\
\xf3f\xa3\x18Ei\x8f\x9b\x98\x93a\xbb\x12\xfa`\xff\
\xf3wddd\x9e\xfaP\x5c\xb9\xfe\xfd\xfbg\xe8\xd3\
\xa7O\x9fu\x0d\x1b6\xb4\xc1\xf7eR\x9f\xa0\xa0 \
\xa1\xcf\xfd\xfb\xf7\xe7\x9b\xa3\x0f\xc5\xdd4\xd1gs\xd3\
\xa6Mm\xe9\x18V\x16\x8db\xf1\x92>\xf7\xee\xdd\x9b\
\xf5\x84\xfal\xc0\xbe\xb9\xcc\x8e\x9f\x85\x0b\x17\x0a}n\
\xdf\xbe=\xda\x9c\xfd\x0f\xc5-\xc4q\xcbx\xff\xb3\x10\
\xc5X\x95D\xdc\xbe\xe2\xb0\x9f~\xfa\x89=|\xf8\x90\
\xe2\xda\xbe\x18\x12\x12\x92j\xce\xf1\x8b\xe2\xda\xea\x8f_\
\x1c\xc7\xaf\xaf)\xaeg\xdd\xbau\xcb\xec\xf9\xe1\x81\x03\
\x07(\xee\xb1\x07\xc6\xd0\x99\xabW\xafr|\x16\xfa\xcc\
\x993\x07\xe7?\xbff\x19?-[\xb6\x14cH\x1f\
\xf7\xf2\x1e\xce}\x9a\xe3<\xb1\xd4\xc7\xbd\xce\xc9\xd0\x7f\
6u\xeaT\xb1\x8da\xdc\xbc\x8c\xfd\xf5\x9e\xf5\xeb\xd7\
\x07-X\xb0 h\xfc\xf8\xf1A?\xfc\xf0C\xd0\x90\
!C\x82\x06\x0d\x1a\x14\x04-\x82|||\x82\xbc\xbd\
\xbd\xc5<\xc6\xce\x17\xd87[S\x5cLK\x88\x0b+\
\x05\x8a\x94\xc2FJ\xff\xfb\xeb\xe7)\x1e\x9c\xa7~\x9e\
\xde\xa9\xb7\xd7\xcf\xd3\xbbc\xd6F\xf3\x0a\xfd|\x9c\xc9\
<\xd3\xcf\x07\x8bSji>\x88\x89\x0a\x1e\x9b\x1f\xcd\
De\x99\xf3\xce\xdcP@\xd6y{1\xaf3\x9a\x97\
^\xf7\xb7\x16\xf3\xd2km\x0a1\x1f\xf7\xd8<\xa3y\
C\x94\xbbQ\xc0\xf0+\xb6'\x18\xad\x9f7>#\xb5\
.F?(@\x8aQ{$\x1d\x14F\x1a\xfagj\
k\xcd3\xf5w6\x9a\xf77\x9a\x1f\xc53}\xc7y\
\x86O\x159\xcc[g;\xcf\xb3\xcc\xdbg\xce\x8f6\
\x9ew.\xf1y\x8dQ_R\x8c\xfa[\xf2\xf3t\x05\
\xf8<X\xc2\x8c\xe2\x90\x0e)\x998\xa4\xc6\xa6\x8f\xb7\
\xc9\x5c\xf41Ik\x84\xa63\xf7\x18^\xc7#\x96\x0f\
\x01\x1b\xeb\xc4\xf2\xeb\xe06\xb8\x95\x03\xf4\xb7KX\xf6\
[\x8f\x18^\xa5v\xa4.#6\xa9!\x9egY5\
}<NV+L\xc7\xaa?\xd01\xf4\xbd.\xf8\xc6\
-\x8a\x1f\x07\xea\xfc\xc4-\xd5/\x1f\x88\xf5;\xba\xc7\
\xe8\xacH7\x82\xca/\xadqK\xf32\xea\x17\xf5\xcf\
\xf9\x9e\xe8\xebs.a\xba3\x18\x87Z\xc0\x9f\x980\
\xddC\xf8c$\xcas\xa3x\xbb\x04\xd5C\xf1A\xcb\
\x92U\xb9\xabc\x15oK}C\x1f\xdba,\xde\x06\
\xbc\x90\xd0\x82\x03(\xb7W\x8d\x10\x9d\x95\x88?\x1b\xce\
ElX\x8a\x7fZ\x9a\xad\xc2\xc4e\xac\xe25-\xab\
\xfc\x9fV\xf4\xa7\xea=\x9d;\xc6\xc6\x1e\xc0\x8b\x800\
0\x0a\xfa\xd5\xa2\x18\xb5\x84\x88W\xab\x8f\x8fZ\x1a\x8d\
b\xbaR\xdb\x9d\xa4\xb8\xbb\x0e\x18\x0f3\x00/\x12\x82\
\xc5T\x03v\xa0\xaeNU\x1eh\x15T7Q\xf1\xb6\
\x14{\xb34\x19\xc5z\xa5\x98\xaf\x95\xa0\xa1\xf3i\x11\
s\xf6\x13\x8c\x07\x15\xe0E\xcem\xed}0\x14\xda9\
\x19\xe2\xcf:\x1f\xb7\xdc\xf8\xb3\xd9\x99\xfdu)V\xaf\
>&mW\xf4\xe3>\xe0\xc5H\x1a\xea\x9d\x8e\xfa\x9d\
2\xe2\xd3\x96\x921HqPE\xcc\xda\xab\xc2\xe7\xf5\
\xd0\xfe#\xc5\x14\xaf\xd6\x944\xd4\xff\x17\xb4\xabh\xaf\
\x8f_\xcb\xf6[\xb6\x86\x14\x1f\x95\xe2\xb5\x92\x86\xf6W\
\xb4\x95\xd0\xeeE\xc5\x1c\xcf\xd6\x94T\xb4\xe3WhW\
\x81\xf4\xb3\xa4\xf8\xb6\xa6f-\xc5r\x95\xe2\xdd^L\
\xb7\xb2\xbd\xac\xfd\x16:\xa6\x94P\xcc[cTh\xcb\
'6\x97\xb9\xa4\x9f>.\xaf\xc5\xe9w^\x831'\
\xf9\x17\xf4\xc1X\x0c\x03\xdcB\x08F\x9b\xdaS\xdbD\
\xdc\xdes\x96\xa5\x9f!\x1e\xad>^n5\xb0\xcb\x02\
\xe2\xe5\x9a\xb2\x03\xb8XB\xfc\xdc\xc7\xeeE\x9d\x85n\
\xe7$\xdf\x82\xf7A*\xe0\x16\x86\x16\xfc\x0e\xddlJ\
4\xbe\xae\xa9\xe9\xdb!\xe2\xed\x9e\xd3\xb8\xa3m',\
(\x1e\xb1)1h\xe3 \x8b\xd2\xefLf,`L\
\xbf\x07Z\x0b\x8c\xc9k\xcc9\xd0X\xb4\xf9t\x09\xc5\
06\xd2.#\x9e\xf1\x19\x8d7\xa6W\x00/\x05\xcc\
B{m\x8b=\xbeq\xee\xfa\xfd\x02t\x16\x1c\xd3\xd7\
\x98P\xd0\xce\xd0~\x8a\xb9[\xec\xe7+'\xd3\x99\x22\
3\x1ercp\xa3\x94hg`.\xfcn'\xe2\xa5\
S\x0c\xe0\x22\x8e\x91\x9c\xe5:\xe3X\xba\x14s\x18\xf5\
\xda\xe2\xda\x1c\xfe\xfb\xd5\xc2c%gG<\x18Lc\
\xcf\x10C\xb9X\xaeo\x8f\xa41\xbbcR<b\xaa\
\x13~SZ\x9dL\xbfS\x0a\xe2)g\xc7u\xb4\xbf\
%\xf5\xc3\xfeH\xba\x14G\xbbHO\xf4\x14\x22F\xb1\
}f\xbce\x17\x9b\xe3\xe9\xebKQ\xbc\xe5\xecX\x8d\
~T\x22\xed\xa8_\x05\x8d\xc1\x9c\xed\xbd\xd0\x03iR\
\x1cf\x82\xe2<\x03\x8c\xc3J`\x16t\xd4\x01^\x8a\
Q\xa3\x1f\x83i<\xd0\xb6\xe5\xa0\xefkA\xcc\x10\xa3\
\x99\xe9\xa7\x8eAF\xa0\xec\x0a\x07\xd3\x1c\xa0\xe1h\xf8\
*\x15\xf02\xc0i\xf4\xa7.\xc5\xe9\x16cE\x1f\xa7\
\xda\x5c3\x8e\xdf,\xd8\x8b\xf5\xf5\xf1\xae+\x83\x0a\x07\
R\xad\xa1]\x15\xe0\x85\xf2{\xc0G\x0b\x80\x0a\xf02\
\x82\x0e\xfcM}\xa4\xf1Ri\xb7>\x06v\x1e\xb1\xc2\
E\x9c\xe3=R\x1c\xec\xca{\xa5\xd8\xe2\x06\x0d\xa1]\
%\xd0\x1e|\x8d2\xe7\x83\x03\xe0\x16\x88\xab\x18\x94\xca\
\x05\xfb\xcb\x08R_\xd2\xc0R\xf4\xb7.iGZ\x10\
Uv'\x0b\x9d\xec_\x1f\x96\xf5w\xc5\x9d\x99\xb1\xa1\
\xe9\xefU\xb7%3\xa7\xbd\xa9N\xd0\xae%\xf8\x14e\
l\x06\x11@\x07x9\x22\x08\xfd\x7f\x06S{\xd2\xc5\
X'\xe38\xda\x86\xd8\xd1X\x86\x96k\x0f~\xc68\
\xa4\xd8\xd2!N\xbbS\xb4\x80\x97cb\xa1\xc3\x02h\
\xf24\xb0%\x9d(\xaev\xcd\x7fM\xe2l\xefHq\
\x83\xa63AD9\x8c\xb1m\x0e\x0f\xc1\x22\xe8\xd4\x07\
T\xca\x88\xc3\xfd\xaf\x88\xc3]\x0d:.\x96cp\x9b\
E\x1c\xb4\xda\x08\xed^\x02Ukm\x11q\xba\xe7\xd6\
\xd8\x9a\x9c*\xc7\xe6\xce\x17*\xe8\xb6\x0b<WsK\
\xf2\xe9\x9a\x9b\x93\xb9\xcc\x13\x11\x5ckSrW\x97\x8d\
\xea3\x80\xcb\x98\x85\x0a\x5cq\xd9\x94<\x1f\xda\xbdL\
\xb1\xae]7\xa8[\x81\xe9\xb57\xa8w\xe8c\x7fS\
\xdco5\xa0\x98\xd9\xbc\x9c\x93\x02\x1eB\x9b\xbd\xd0\xe8\
O0\xc0u\xa3\xba\xae\xdbz\x95M\xad\xcd\xc9Rl\
\xec\x8dj\xe6\xb9B\xad\xc0r\x95@\x1d\xb7u\xeav\
`\x00x\x13\xfc\x0f\xfc\x0c\xa6\x825nk\xd5\xfb\xc0\
\x11p8\x07\x8e\xbb\xafUG\x03n\x81\xa4\x80\x08\xb4\
\xf1:8\x9am\xfb\xd7\xa9w\x83\x000\x19|\x07^\
\x82&~\xc0\xd9y\x8f\xa4\x951\x14/\xdb4~\xb6\
)\xb56\xa9Y\xd3E\x14'\x5cm\xeb\x1e\xa8v\x06\
\xd5s\xa1\x86G\xa0\xaa\x9f\xc7\x1a\xd56\x90\x02x1\
\xa3\x03q\xe0.8\x09\xb6\xa2=\xcb\xc18\xf0\x12\xda\
\xd7\x0a\xd4\xa1v\xe6\xd0~\xa7:k\xd46-g\xe9\
\xe3\xcfg\xa3\x85\xabQ<vc\xcb.\x06\xbbG\xa0\
I<\xee\xc0\xbc\xa1u\xea\xacVU\xad\xbbJ\xf59\
\x88\x02\xbc\x08\xd1\x82G\xe0\x18X\x0c\xbe@\xdd\xfe\xc0\
\x1b\xd4\x02\x0euV%Y\xd3\x8b\x0c\xe6\xb4\xdd\xdd\xa4\
\xbf\x86\xf1e\xa0(M\xc4G_\xa3b\x0dWH\xb1\
\xc1\xbd\x02\xd4V\x9e\x01\xaa1^\x01IZ\xc0\x8b\x80\
\xfb(\x7f\xb4\xe7J\x95\x1f\xa8\x0e\xac\xa9^c<\x8c\
c\x94\xaf\xcb\x8c\xe1NX\xa2Q\x9b)v8\xc5,\
\xaf\xb7B\xc4\xcd\xae\x05v\xd5\xff'\x89\x17\x22*\x94\
\xb9\x1a\xe5\xb7k\xb04^Au\x11\xa6\xb1\xddM)\
MF\xday\xadLb\xde\xff\x80eI]\xbc\x97&\
=\xf2^\x9a\xc8\x0bN\xd2m\x94\xf7A\xfdeI\x95\
D\x1d\xe4#\x80q\xc8\x0c:\x96\x153\xc4\x83o\xb4\
$^\xd1pI\xe2_O\x18\x0f>\x93%\x89\x87Q\
^{\xcf\xe5j\x11\xf3\xdc\x10\x1f\xbe,\xc4\x86\xcf\xce\
\x9a\xcd\x8ff\x183\x22\x96y\xe3\x85\x89m@\xd8\x13\
\xc4\x8c7p\x00\xe5\xf8\x18\xe2\xc67@\xb9\xde\xcb\xca\
\xa6n\xc6F1\xe5)\xde9\xc5\x85o2?!\xa0\
\xe9\xfc\x04\x9e_\xb0\xdeA\xac\xef\xd3x\xa1\x147\x9d\
\xca\xf4^\x92\xc8\xca\x83Q\x7f[L\x8dc\xcd\xe6&\
\x10/\x80d\xc0\xf3\xc1\x85f\xf3\x12ZBG\xd6d\
\xbe\x18\xc7b<\x97\x17\xa3\xb1G\xda\xf9\xccN`\xbe\
\xb3\x13\xdc\xc09\xc0\xcd$\x05\xbc\xe93\x07e\x00C\
\xec\xfe\xf2f\xd4\x7f\xbf\x99\xf1\xccg^\x9c\xc2oF\
\xfcD\xe5\x8cxn&7\xb0\xbc\x97Xw\x8e\xe4\x87\
\xf2hb\xec\xcd\x88\x97\xe2\xb6O\x8b\xef\x09\xe2\x017\
\x83\x7f\x94\xd3\xe3mA\xb9\x88k\x9f\x9b\x91\x06\xca)\
\x14\xe3?\xae\xbarr\xdcQ\xc0\xf3 \x15\xcb\xbe!\
\xf2\x02L\x8bc\xe5\xddDL|\xca\x0109^\xa1\
\xfc+n\x06\xe0yp\x0c\xcb\xbb\x88u\xa6\xc63\xd9\
\x98\x94O`\x9c\xc8)\xf0.\xa6\x9als\x0aHh\
\xb1\xcc\xd7bYb\x92<\xfe\x84~\x999\x07Z\x83\
\x88\x1cr\x0e\x10\xc1\xa0)\xc5\x8c\x17y\x19&\xca\xfa\
\x09\xfd('\xc1\xd8\x18\xa2\x068\x9dCN\x02\xae\xff\
[\x0d\xb1l9\xccK\x90\xab\x86\xa3b\x88\x0a`#\
\xe09\x10\x04*\x89e\xff\x90\xf5\xcb\xa2\xdf/1\xac\
\xf5\x9f8\x1f\xfc9z6\xe09\xb0\x19\xd8\x03Y0\
\x13\xf3\x1b\x1e\xcd\xfc~\x14\xfc\x0cx\x0e,\xc4r\xd6\
~?\xc9\xfa=\xa6\x1f\xe5\x8b\xf8>\x8ax\x17h\x01\
\xcf\x86Q~\xdfE\x89ee3\xd1\xef\xebH\xe67\
4\x8ax\x1e\xa4\x01n\x82\x06\xbc+\x96)\xa7y\x13\
r\xd5\x8f\xf2IH\xf4\x04\x89\x80\x9b\x90\x04z\x88e\
\xbe\x96\xf5{L\xbf\xcf#\x0d\xb4\x03\xd1\x80\x9b\x10\x0a\
\x94b\x99/#e\xc1L\xf5\xa3|\x14\x9f\x08\x94 \
\x0cp\x13\x1e\x80\xa6\xfaed\xc1L\xf5\xd3\xe7\xab\x00\
O\x81H\x93\x9c\x16\xc4\x03\xd0\xb4<\xe7\xb5\xc8U\xbf\
\xf7\xa0\xcb\xbb\xe1D_\xa0\x02\xdc\x84\x07\xa0\xa9~\x19\
Y0\x13\xa3\x5c\x17~o\x843\xdf\xd7\xc3\xdf\x06Z\
\xc0Mx\x00\x9a\x02ZF\x16\xccT\xbf\x17\xc3\x0c\x0c\
\x03<\x1b\x82A#\xb1\xccKa\xb2`\xa6\xfa\x0d\x08\
e\xbe\x03\xc3(\xaf\xc6d\xc0\xb3\xe1:\xf0\x10y7\
\x06\xca\xfa=\xa6_\x1f\xe8\xd7;\x94\xa6\xd3\x01\xcf\x86\
\xf3\xa0\x06-W\xafm\xa0,\x18\x93b\x88\x06\x04\x04\
\xb0\xbf\xff\xfe\x9b-_6\x9d=\xdd\xf7?\xe6\xd3-\
d,\xe0\xd9p\xc4\xb7[\xb8s\xe3\xf6\xfbE\xbe\x12\
\xca\xc9A\xf1\xa8\x87\x0e\x1dZ.\xb5\x1b2d\x08\xfb\
\xf7\xdf\x7f\xd9\xbau\xeb\x84\x8e\xbe\xbe~V\xb5\xfas\
\xe6\xd3\xe1\xfe\xd7>\x1d\x1e\xf2\xc7y\xb0\xada\xab}\
\x95\x98\x14Z\xd6:,,L\xe44\xe9\xd0\xa1\x03k\
\xda\xb4i\xb9\xd3\x8f\xf2\xe4\xac\x5c\xb9\x92-^\xbc\xd8\
\xf6\xc0\x81\x03\x1f\xed\xde\xbd;`\xed\xda5\xcb\xff\x1c\
\xbf\xf2\xc4\xa7_\xac\xd1\xbd\xfd\xfeb\xfe\xe2\xab3x\
\xdfg'\xf0.\xddG\xf3\xa7\xda~x\xafQ\xa3&\
+\xbd\xbd\xbdW\xf8\xfb\xfb\xaf\xec\xd6\xad\xdb{J\xa5\
\xd2\x86\xe26{xx\x94;\xfd(f\xfa\x8d\x1b7\
\xd8\xb1c\xc7\xba\xdf\xb9s'\xea\xd2\xa5K<((\
\x88\xaf_\xbf\x8e/\x5c0\x97O\x98\xf0'\x1f6\xec\
;>d\xc8{|\xd0\xa0\x81\xbcK\x97N\x1c\xdb\xac\
\x88\xbdO1\xe5\xfb\xf7\xef\x1f\x0a\x1d\xdb\xf5\xe8\xd1\x83\
\xbd\xfc\xf2\xcb\xe5N\xbf\xa5K\x97\xd2Dq\xfd\xfa\xf5\
\xa9\x8f\x1e=\xe2\x94S\x86b\xaa\xaf_\xbf\x9e/X\
\xb0\x80\x8f\x1f?\x9e\xff\xf0\xc3\x0f\xd0o\x08\xf4\x1b\x04\
\xfd\xba\x88\xb8\xea}\xfa\xf4\x11\xfaQl\xf5\x9e={\
\x8e\x9d>}:\xf3\xf3\xf3+w\xfa-_\xbe\x9c-\
[\xb6\xcc\xf9\xe1\xc3\x87\x07CCC\xcd\xd2\x8fb\xd2\
SN\x1e\xa3\xbc\x0f[}||\x1c-!\xeezq\
\x1b\xe5\xcc\xd8\xbbwo\x1d\x1c\x07n\x98\xab\x1f\x8e\x15\
b\xdc\x19\xf4\xeb\xdb\xb7\xef\x19hZ\x9d\x8e!\xe5\xcd\
\x8e\x1c9\xc2\x8e\x1f?^?<<\xfc\xbe\xb9\xfau\
\xec\xd8\xd1T\xbf\xcb\xd0\xaeV\xa7N\x9dd\xfdd\xfd\
\xf2e;w\xee\x94\xb7\xdf\xc29~\x1c0W?\xca\
\xcb%\x1f?\xb2\x9c\xbf0\x9c\xbfL\xc9\xcf\xf9\x0b\xe5\
\xcf1:\x7f\x19\x83\xe5\xca\xe5\xf9\xcb\x8f?\xfeH\xda\
\xb1\xa3G\x8fv\xbd}\xfbv\xb8\xe1\xfc\x99r\xea\xcc\
\x9f?\x9f\x8f\x1b7N\xe8\xf7\xc1\x07\x1fd\xe8G\xe7\
\xcf\x94\xfbL\x9fW\xe7!\xbekK\xe7\xcf\xcf?\xff\
|\xb9\xbd~[\xb8p\xa1\x1dt\xfb\x1a\xd7o;\xd6\
\xacY\xb3}\xde\xbcy\xdb1\xa6\xb6\xe3\xfad\xfb'\
\x9f|\xb2\xfd\xb5\xd7^\xdb\x8e\xfd\xdcv\xec\xe7\xb67\
j\xd4h;\xae\xdf\xb6\xe3\xbacG\xf7\xee\xdd?\x83\
\x9e\xe2\xfa\xcd\xcd\xcd\xcd\x12\xef\x8d\xc4\x89\x1c;\x5c\xcc\
\x07\x1b\x92\xbcH\xf3\x0a\xc3|\x10\x13\x99]\x0c\xb9z\
\xa4\x04=\xfaygi^\xe4;\xb0\x7f|^\xc4\x84\
\xb3\x96\xe6E\xdc\x0a\x854\x1f\xa7\xaf\xdft>X\xcc\
\x8f2\x9a\xf7\xe7\x19y{\xb2\xcc{\xf2\x8c\xbc=Y\
\xe6\x9dyF\xde\x1e\x91\xacG\x9f\xb7G\x9a\xd7\x87\xa8\
\xa3\xc4=\xfa\xbc=\x22Y\x8f\xbe*\x91\xac'#s\
\xc3(\xc6\x0c_3\xff\xcc\x5c=\xcc\xdeH@\xeb\xe2\
\xf5WF{\x9c3\xf41\xd6\xd33Ss\x83Ou\
\xcc\x90\xa0G\x9a\xe7<\xc3w\x0a\xa3yk\xa3y\xfb\
\x8c\xf9\xd1\xcc\xd9h\xde\x93g\x8e\x07\xffl\xe7\x83s\
\x9c\x1f\x951\x1f\x97e\x9e[\xd8\xbc\x7f\xb6\xfdeF\
:\x987o_\x80\xf9|\xd4Ey~\xde\x05A\xcc\
(\xcf\xcf\xd4\x92\xcf\xf3\x93\x93\xb9\x84\xe9\x04\x94\xaf\x87\
r\xf7\x18\xf2\xf7x\xc4\xf2\x9a\xe0\xb9:q|.8\
\x09.\x99\xc9\xb9:\xb1|4\xd6u\xad\x1d\x95\xb5L\
\xaaG\xb6L\xa3\xdc7\xecW]\x86\x0fj<\xd41\
\xb7(]m\xb7(\xfe\x9e[4\xdf\xe9\x1e\xcdc\x80\
\x0e\xf0|\x92\x82\xf5\xffE9=\xdd\xa2u\xb6T\xb6\
q>!Q\xafl\x22\x7f\x93!G\x154rr\x0d\
\xd7\xbd\x87qz\x18\xa4\x00^\x08\x84\xa3\xcc\x09(\xdb\
\x9b\xf2\x10\x91\xeeT\x1f\xe5\x22\xa2\xcf\xe5\xd9H\x03\xca\
]\xa4\xcf\xa1U\x01>\xf8\x13\xa8\x01/dt\xe0$\
\xea\x18\x0c\x1c\x0c\xf9\xa0\x08\xcak\xa4\xa8\xe9Z\xee\xb4\
\xa7\x1cN\x94\xfbH\xe4\x8e\x92\xc6\xe2{\xf0C|!\
\xe6\x8f\xca\x8ex\xd43\x13u6\xa0\xbaI{A\x19\
\xc8)\x95\x1f\xa3\xfcOD\xd5\xfb\x1c\xfd\xd7R\xfe\xa9\
\x0e\xd8\x16n\x15Q\xfe\xa9\xec8\x09\xdd_\xa8z\x8f\
\xdb9\xdd\xd5\xe7\xa3\xfaO\xe4\x22\x12\x94u\xa3\xbcU\
\x95oI}\xc6\xb8\xab\x03\xf68\x07\xebx1\x13\x8d\
z'B\xff\xba\x06\xdd\x89\x1a\x0f\xca\xb6\xfe\x943I\
\xe4\x0f\x93\xfa[\x11co&\xfc\xa1\x03\xbc\x04\xd0\xa2\
\xfe\x03hG_\xa7\xdbZ\x9b\x8a\xb7\xa4\xb6Q~.\
jgY3\xcaU%\xf4\xa7\xfe\xdd\xd6*\xd0\xdf\xcf\
*\xdd\xd2&\x01^\xc2\x84U\xbc\xa9\xfd\x0e\xed\xb1w\
\xd4ko\x7fM\xca\xadUV\xcc\xfe\x8a\xd4'\xc7\xeb\
\x19>\xe8\x01\xee\x01n!$\x80o\xd0>[\x91\xd3\
\xec*\xb8Tv\xf4\xa7\x1cY\x86\xdcg\xe8_\x03\x87\
k\xda#\x80[\x181h\xdbg\x18'\xd6\x86\xbch\
\xb6e\xc0\x07\x22\xef\x17\xfa\xa1\xcf\x9d\xe6\x04\x16\x97p\
\xee\xb4\xdc\x88D\xfb\xde\xc3\xd4\xca\x90W\xcd\xd6B\xf3\
\xaa\x99c\x22\xf7\x9a>w\x1d|`\x05\x1f|o!\
\xb9\xd7r\xe3\xa1\xedem_\xc3\x98\xb19o\x99y\
\xd9\xf22E\xe7\xfe\xa2\xdd\x22w\xa0\xc4\xb3\xf0C(\
\xe0\xa5\x80#ho=\x1a;\xd6\x17J\xa7\xfe\xfa\x9c\
e\x86\xf6{\xd8\x5c\xd0\x1c\x01\xbc\x141\x13\xedv\xa4\
\xf6[\x9d\xb7\xac\xbcpy\x8e}}\x1e;jw\xe5\
\xeb\x1a\xcaa\xf8-\xfa\xa1\xb1\xc0\xdc{\xb9\x91\x88v\
\xbfgk\xa4\xbfu)\xf1\x81!\x87\x9b>\x9f`c\
pE\xe4\xca;W\x8a\x90\xda{\x03\xb4\x16c\xff\x8c\
\x85\xe4\xa53W\x7f)\xef\x9f5\xda\xfeG\xa9\xd2\xfd\
q6\xa0\x1f5\x14\x96\x94\x1b07;#\xe5\xdf\xd3\
\xb7\xf5)\x10l\xe1y\x03\xf3\x22\x0d\xfcbuVc\
c\xc8\x87h\xf1\xfa\x9f\x15\xd8\xa2\xbd3K\xb9\xf6\x06\
\xc2@w\xc5\xd9\x8c\x9c\x80\x96\xab}&\x1dAH)\
\xcb\xbd\x97\x1b\x01\xc01K\x1f-\xe9|\xf3\x94>\xdf\
\xa2\xd46{\xb0\xa0\x0ciOD\x81\x9e\x06\xed+\x1e\
\xb40\xfdOJy\x13\xf5\xed\xeb\x0a\xc2\xcb\x98\xfe\xc4\
\x1a\xe0\xcc\xf4\xb9\x15\xad\x8a17enfs<=\
C\x7fP\x01\xdb\xc1\xd2R\x98\xb7\xd2\x1cR\xc0\xf7V\
'5V\x86\xdc\x96\xd4\xf7\x12\xbd\xb7\xac\xcf\x0f\xa98\
\xa5\xcf\x1dz2\xbd\x17\x88*\xa5y/\xcd\xe1\x91\xf5\
\xc9\xf4>\xd4W\xea\xb3\xad>\xe7g\x89h\x7f8\x8d\
\xd9\x1eI\xcb\xf0\x01\xc6B=\xb0\xd7\xe6D:/\xd3\
\x1cO?\x04<h\xec\x1b\xf2C\x96\xc8oZ\xfa\xbc\
\x9e\xa4?\xdaQ\x13>\x08\x00\xbc\x1c\xa0\x05?\xdb\x1e\
MW\x90\xfeE\x91\xdb\xd4\xd8\xb2\xe4\xe9\xd4cO9\
O\x0fK9O\xb1\x1dT\xb4?\x926\x19\xe3@\x03\
xy\x00\xfd\x0dF\xbf\xdb\xd0>\xc01\x08\x1a\x9cH\
\x13\xba\x14\x96U\xd2\xe7\x0a%Z\xe9\xf3\xa5f\x973\
\xd5\xe1`Ze\xf8`$P\x01^\xce\xf8\xa7\xc2\xc1\
4G)7mj\xbe\xf3\xabf\xfb|\xce\xde\xd4\x0c\
\x1c\x822\xf3\xad\x12\xce\xd2w\x0e\xd0\xbe\x06\xeak\x02\
\xfd\x9f\x07+Q\xbf\xba\x0c\xe5\x5c\xcd\x0f\x89\xe8\xff7\
\xd0\xa2\x02\x8d\xcd\xca\xfb$\xbdH\xbb|=\x93\xb3'\
5\x0b\xc69o+\x06\xa5\xdaB\xfb\xc6\xe0e\xd41\
\x0a\xac\x04'\xc0]\xfc-1#gk\xf9%\x01Z\
\xfc\x09}\xaa\x1br\xe3V6\xd22'\xcb\xc8]\xba\
+\x85U\xd8!\xe5\xca5PiO\x9a\x0d\xcapC\
y\xcfV\xda\x9b:\x1b>\xbd\x01\xd4\x80\xcbdK\x1a\
X\x01\xbdZT\xd8\x97\xae\x10:\xee\x92\xb45\xe4\x8a\
}\xec\x19L\x93\x1c\xb2N{R\xec\xb1^c\xf8\xec\
-0\x07\x9c\x05\x09\x80\xcb\x98\xcd-\xf0\x13t\xf4\xa0\
\xdc\xb2\x06m\x0d9y\x09\x83\xe9\xf3\xcc\x92\x1f\x1c\xb0\
\xccs\x98.\x07\xb7@*\xe02O\x8c\x06\x1c\x81\xa6\
\x1f\x01/\xfb\x83)\x0a\x91\xdbw\xbbQ\x8e\xdf\xcc<\
\xbf\xce`\x12\x88\xcd\x92\xdfv\x87\xcc\x13\xa3\xd7\x10\x9a\
\xa6\x82\xb3`\x14\xb4\xf6\xab\xba#\xd5:#O\xf0\x0e\
\x91'\xb8\x02\xfc0\x1a\x7fK\x95\xf3\x00\x17):\xe8\
|\x1bL\x86\xf6m\xa0\xbb]\xcd\x7fE\x9e\xe1\x1f\xab\
oM\x8e\x03\x5c\xa6\xd8x\x08\xddg\x03\xbf\x9a[\x92\
\xaf\x01.S\x22\x9c\xad\xb59\xf9\x7f\xb56%G\x02\
.Sl\xa4\x83`h\x1f\xe0\xb2Qm\xe7\xbaQ=\
\x04<t\xdd\xa0\xe62E\x86\x0a\x1a\xdf\x00+\xa1\xf9\
g@\x09\x1c\x5c\xa4\x5c\xc16\xa03\xf8\x02L\x07\xdb\
\xc0E\x91\x9fy\xbd:F\x9f\xb3\x9a\xf25\xa7\xcby\
\xab\xcd\x82tJ\x02w\xc1^0\x0e\xbc\x00\x1fx\x83\
\x0a\xa4\xb9\x01\xe3\x9c\xc3\x84\xdb:\xb55\x96\xad\x88\xa9\
'h\x05:\x82\xbe\xe05\xf0)\x18\xe1\xbeV=\x13\
\xac\x05{\xc0\xde<\xd8\x07\xeeYh\xdeks\xf2b\
G\x82\xdb\xe0H.}\xdc\x0d\x02\xc1,\xe83\x12|\
\x08\x9e\x01\xbe\xa0\x0aPd\xd1\xd9$Ovv\x98\xe6\
{6|O>\xf3\x5c\xa9Vx\x04\xaa\x1d\xdd\x03\xd5\
UA\xb5\xbc\xc0\xb2O{\x04\xaa\x16z\xacQ\xc5\x96\
@\xde\xec\xbc\xd0\x80D\xf0\x00\x5cB;\x8f\x80\x7f\xc1\
4\xf0\x06\xda\xdf\x01\xd4\x07\xb5r\xe9cU\xd2\xc3+\
@\xadp\xd9\x98U\xbf\x9c\xf4\xcd\xce\xb2\xcb\xb3M\x90\
\xcf\x9e$\xdf\xb61\x22\xdf\xf5j\xd5\xc0\xba\xabTA\
@W\xc4\xb9\xb7s\x82\xeaM\x02\xf7\xc0\x1e\xb4g\x1a\
x\x17\xf4\x00-\x80\x07|\xe0\x0c\x1c\xeb\xacN\xb2\xce\
o\x1f\x8d\xf5\xf1\x5c\xf5\xb8\x8e\x05\xb5|\xb7\x87X\x03\
\xed\xd7d\xe6z\xf6\x5c\xa9j\x0a\xcex\x06\xa8x\xb1\
\xb1R\x95\x0a\xf6\x82a\xd0\x9d\xc6\x80\x0f\xa8\xea\x15\xa0\
\xb2\xf20j[F>o\x03\xfa|\xde\xf9\xed\xb3c\
\xb7\xb7-\xe6y\x14C\xdf\x0c\xb9\xbf\xbd\x02Dn\xe9\
\x97\xeb\xadH\x8a\x05\xbc\x18\xb8\x81\xfa\xbe\xf2Z\xa1r\
1\xce\x03^\x96r\x82\x9bc\x22\x87w\x80J\xe4\xa4\
\xae\xbf<\xc9\xae\xfe?I\x93\x81\xae\x90\xf3\xaf\x1b\x13\
\x0b\xe6\xa1\xbe\xe6\x07\x87\x1e\x86\xdf3\xf3\x88\xd3\xbc\xa9\
\x0f\xca\x83\x91\xf6\x04\xe5\xb7\x06\x9e\xdeK\x13\x8f4X\
\x9a\xc8\x0b\x1b\x94{\x09\xe5\xbf^\x7fi\x92\x83\xa1N\
\x81>\xaf{y6\xca\xcd\xdehQ\xbc\xc85\xdep\
I\xe2\x1b@\x0dx!\xa1\x03\xdbPvk\xaf\x7f\xd4\
\xc2\xcf\x22\x17\xfcr)\x1f\xbcl\x925\xd0\xe7\x8e\x07\
\xb5\xc0Q\xc0\x0b\x89\x8d\xa0\x9e\xc8#_\x8er\xc9\xe7\
\xd7\x1a-\xa6\xdc\xf3`~<\xe5\xed\xfe\x16h\x01/\
 \x1b\x1a/L\xf4\x22\xbf6Y$\xb6-\xe1\x03\xd9\
\xb2\xd1\x7f\x91\x94o\x9e\xf2\xa6\x83&\xe0&\xe0\x05`\
k\xd3\xf9\x09^\xe4S\xdf\xd9\xb1\xc2\xb7^\xcbe\xed\
s3\xd2\x9e\xf2\xae\x03\x1b\x9f9\x09s\x01\x7fBN\
\xa2\x0c_Q\x1eh2?A\xf8V\xb6\xdc\x8d\xb4\xf2\
\x1d\x95\x8c\xf1\x9a@<\xef;+A\x05x>I\xc1\
\xba\x83)\x8f<\xfc\x90\xa1\xbflf\xe8\x8f\xb1\xef;\
+\x9e\xf9\xcd\x14\xb8\xf9\xcd\x88?\x0dx>\xb9\x85u\
\x1bR\x19\xf0\x85\xf0\x81l\xe6\x1b\xe9\xaf\x9c\x1e\xcf\x9a\
\xcf\x88W`:\x01\xf0|\xb2\x0a\xd8S\x19-\xe5\x5c\
\xf4\xf96\x1a\xb7\xca\xe9qL9U\xd0C9%.\
\x16p3I\xc7:\x1fa\xca\x94\xd3\x12\x98r\x86\xac\
\xff\x93\x98\xd0o\x92\xa0&8\x09\xb8\x99\x5c\x01\xde\xca\
\xc9z\xff\xfd-\xeb\xff\xc4\xfa\xff\x05&\xc6\xd9`\xba\
\x10p3\xd0\x81\xb1\xca\xc9\x09\x0a\xb1\xee\x948Y\xc8\
'\xd5\x9f\xc6\xef\x84X\xa6\x1c'\xf8\x0ch\x01\xcf\x83\
{\xca\xf1\xb1-\x00\xf9M\x94![\x01|\xf0\x07t\
\xfc=\x96\xa6\x9d0\x8d\x01<\x0f\x96*\xff\x8c\xb5\x13\
\xeb\xfd%k_`\xfd\xc7B\xc7_\x05n\xca\xb11\
\xe7\x01\xcf\x83_\x94\xbf\xc60\xe5\xe8\x18\xb1\xdd\xc8V\
@\xfd\x7f\x8f\x93\xb4\x1c\x1d\xe3\x08\xb6\x00\x9e\x07_\xe8\
\x97\x97\xc5+\x94\xf1\x0f-G\x0a\xac\x94\xbf\xc4\xcc\x01\
<\x174`0\x10\xeb\xc8VH\xd7b?F1\xbf\
\x11\xd1\xc4(\xc0sA\x0d\x06\xea\x97\x95\x85+\xack\
\xb1\x9f\xa0\xe7\x8f\x82! \x1d\xf0\x1c\x88\x06\x1d\xf5\xcb\
\xca\xc2\x15\x96\xfe?@\xcf\xef\xa3\x88~@\x05x\x0e\
\xdc\x05\xdeb\xd9\x1fd\xfd\x0bM\xffo#@\x14\xd1\
\x0e\xc4\x01\x9e\x03\xc7A\x0d\xb1\xec0Y\xffB\xd3\x9f\
\xc6\xf3\xd7\x82\xe6 \x14\xf0\x1cX\xe7\xf7MT\x05 \
\x8f\xff\xc2\xf6\xc1\x97\x91D#p\x07\xf0\x1c\x98\xe6\xd7\
\xf8\xa2XV\xb6B\xd6\xff\x7f\x91D\x1dp\x19\xf0\x1c\
\xf8I\xbf\x9c,Xa\xeb\xffI$Q\x0b\x9c\x01<\
\x07~\xd0/'\x0bV\x98\xd7`o\x853\xbf\x0f#\
\x08wp\x11\xf0\x1c\x18\xa6_N\x16\xad0\xaf\xbf^\
\x83\xfe\xefE\x10\xcd\xc0=\xc0s`\x98~9Y\xb4\
\xc2\xd4\xff\x0d\xe8?X\xd0\x01\xc4\x01\x9e\x03\xc3\xf4\xcb\
\xc9\xa2\x15\xa6\xfe\xaf\x841\xdfW\xc3h\xfa<\xa6\xc9\
\x80\xe7\xc0\x0fb9 [!\xea?\x08\x9a\xbe \xf8\
\x14h\x00\xcf\x06\x1d\xf8\xdc\xb0\xacl\x85\xa8\xff\xb3\xa1\
\xccw\x80`$\xe09\xa0\x05\xef\x88e\x07\xca\xfa\x17\
\xaa\xfe}B\x0d\x8c\x05<\x07\xd2\xc1 \xb1\x5c\xcfP\
Y\xb4\x02\x18\xe5}\x9f<y2\x9b8q\x22\xe5\xf0\
f-\xfb\xdcg>\xddC\x98o\xf7\x90o\x01\xcf\x01\
\x15\xe8\x03X\xe3v\x1b\xd9\xb4i\xd3\xd83\xcf<#\
\xca\xab_\xbf\xbe,j>l\xf6\xec\xd9l\xfe\xfc\xf9\
l\xee\xdc\xb9l\xc5\x8a\x15\xec\x9f\x7f\x96\xb0\x17\xdf>\
\xc6\x9av\x0c{\xb7Y\xa7\xd0t\xc0}:?F\x8c\
O\x97\xe8\x8e\x0d[\xccb\x1e\x1e\x1e\xacm\xdb\xb6\x82\
\xca\x95+3___V\xb3fMYX3\xec\xb7\
\xdf~\x13\xdaO\x992\x85\xbd\xf9\xe6\x9bV\x0b\x16,\
p\xc3\xe7zs\xe7\xfcQ\xb7\xcf\xf3G?~\xba\xeb\
\xb5\x94\xd6\xfeWy\xab\xce\x97y\x8bN\x97x\xf3\x0e\
\x17\xb8_\xfb\xf3\xdc\xb7\xed\xe9\xd0\xa6-&\xf7\xad\xed\
Z\xc9\xd3\xd5\xd5\xb5^\xabV\xad\xbc[\xb6l\xe9\xdc\
\xa7O\x1f\xf6\xcb/\xbf\xc8\xc2\x9ai\xdf|\xf3\x8d\xf0\
\x01%\xea\x0e\x0a\x0a\x1ap\xe2\xc4\x89s{\xf7\xee\xbd\
\xb7a\xc3\x86\xe0\x05\x0b\xff\x09\xffc\xdc\x02\xdd\xf0\x11\
S\xf9\x17_\xfe\xc6\xdf{\x7f\x18\x7f\xe9\xe5\xff\xf1\xbe\
\xfd\xde\xe6\x1d;?\x97\xde\xbcy\xeb\x87\xf5\xea\xd5\x0b\
\xf6\xf3\xf3\x0b\xee\xd5\xab\xd7\xfd\x9e={.m\xd7\xae\
]\xad\x8e\x1d;\xb26m\xda\xc8\xe2\x9aa\xd0\x8bm\
\xd9\xb2\x85\xad]\xbb\xd6\xf5\xc6\x8d\x1bG\xef\xde\xbd\xcb\
\xcf\x9d;\xc7\xe1\x0b\xbeq\xe3F\xbel\xe9\x12>}\
\xfaT>v\xec\x18\xfe\xed\xd0o\xf8\x07\x1f\xbc\xc7_\
|\xf1\x05\xde\xa3Gw\xde\xbauk\xee\xe3\xe3\xc3\xa1\
;\x1f8p \xc7\xfe_\xd3\xad[\xb7\xcfG\x8c\x18\
\xc1\xe0\x13\x06\xdf\xc8\x02\xe7a\x8b\x17/f\xb7n\xdd\
bG\x8f\x1e\x1d\x14\x12\x12\xa22\xe8\xbf\x7f\xff~\xa1\
\xff\x92%K8\x8e\xad|\xcc\x981|\xe8\xd0\xa1\xfc\
\xfd\xf7\xdf\x87\xfe/B\xff\x1eB\xff\xa7\x9f~\x9a?\
\xfb\xec\xb3|\xc0\x80\x01\x82\xde\xbd{\xefl\xd1\xa2\x85\
\x93<\xfe\xcd3:\xe7\xa1}\xcf\xd5\xabW\xff\x88\x8c\
\x8c\xe4\xf9\xd1\xff\xa9\xa7\x9e\xe2]\xbat\xc9\xd0\x9e\xe8\
\xd7\xaf\xdf\xfd\xf6\xed\xdb\xfbt\xea\xd4\x895m\xdaT\
\x168\x0f\xa3\xf3\x9d\x1f\x7f\xfc\xd1\xfe\xbf\xff\xfe[\x1b\
\x13\x13\xc315[\x7f\x1a\xfb45\xd6\xbf\x7f\xff\xfe\
I\x9d;w\xee\xed\xef\xef\xcf\xb0}\xc8\x02\xe7a{\
\xf6\xeca\x01\x01\x01\x15\xef\xdd\xbb\xb7/\xbf\xfac\x1f\
#\xf6\xfd&\xfa\xa7C\xfb\x17q\x1c`\xd8\x0ed\x81\
\xf3\xb0\x03\x07\x0e0\xe8\x5c\xe9\xfe\xfd\xfb\x87\x9fD\x7f\
\x9c\xf7\x98\xea\xaf\xe9\xda\xb5\xeb+\xf0\x0b{\xe5\x95W\
d\x81\xf30\x9c\xe7\xb0\xf5\xeb\xd7\x93\xfe\x87\x0aQ\xff\
\x97\xf1wF\xc8\x96\xbbm\xdd\xba\x95\xae{\x1d\x83\x83\
\x83w<\xc9\xfe?\x9b\xfdO*\xf6?\xcf\xc1\x07\xe2\
zX\xb6\xdc\x8d\xee9`\x0c\xdb\xdc\xbe}{qt\
tt\xbe\xf4\xa7\xf3\x1f\xec\xe7\xc5\xb9\xbf\x91\xfe1\xb8\
\xfe\xea\x8c\xf3\x22\xd6\xbcysY\xe0<l\xc2\x84\x09\
\xe2\xfc\xf3\xfc\xf9\xf3\xdfDDD\xe8\xf2{\xfe\xdf\xa1\
C\x87,\xe3\xbfo\xdf\xbe\x97\xb1_\xaa\x83\xefY\x83\
\x06\x0dd\x81\xcd\x18\xff'O\x9ed\xfb\xf6\xedk\x87\
s\xa0\xf0\xfc\xea\xdf\xb2eK\x1a\xf3\x19\xfac\x7f\xb4\
\xa8~\xfd\xfav\xadZ\xb5b\x8d\x1a5\x92\x05\xce\xc3\
\x96-[&\x98>}\xba\x03\xb6\x8197o\xde\xd4\
\x9d>}\x9a\xe3\xbc\x94\xaf[\xb7\x8e/Z\xb4\x88O\
\x992\x85\x8f\x1a5\x8a\x7f\xfd\xf5\xd7\xfc\xbd\xf7\xde\xe3\
\x83\x06\x0d\xe2\xdd\xbbK\xf7\x1f\x1a7n\xccq\xad%\
\xae\x81q\xed\x15\x82\xfdN\x0f\xba\x07G\xf7D\xe5\xfb\
\xd0y\xdb\xa3G\x8f\xc45\x00\x81\xf3 \xef\x9d;w\
N\xc5\xb8_\xf9\xcf?\xff\x04\xcc\x9a5+`\xdc\xb8\
q\x01#F\x8c\x08\xf8\xf2\xcb/\x03\xa0}\x00\xc6~\
@\xef\xde\xbd\x03pn\x1f\xe0\xeb\xeb\x1bP\xb7n\xdd\
\x00oo\xef\x00\x1cs\x89!J\xa5\xd2\x8e\xae\xbb0\
-uZ`?\xcc\x83\x18\xb3\xe6z\x1b\xad\xff\xce0\
?J?O\xcbzJ\xb3:\x9aw\x96\xe6E\xf2=\
\xeb\xc7\xe7S2\x0a\xe7\x5czAK*(\xf8\xb1y\
\x7f\xaeoBF\x05\xa3Yf\x05\xec\xb1y\xfb\x8c&\
\xe8+\xcbf^\x91\xd1\x9c\xac\xf3,\xb3iR#\xe2\
\xb2\x99\xf7\xcfh\x9a\xd4\xa0 \x96\xd9\x88\xd1\xd9\xcf\x1b\
\x16\xa7Fd(\xab\xe0F\x99\x093\x17A\x05F\xf2\
;\x1b\xcd[\x97\xd0\x10\xb06j\x9bg\x96\xbe\xe8{\
\xa3\xf7iP\xa6\xbb\xc4R\xf6<\xd3\xbf\xfa\xa1!\xc4\
\x1de4\xcf3\xe7\x15\x86y\x8d\xd1p\xd3d\x16C\
\xf3\xce\x86y]f\x91Y\xe6y\xd6y\xffl\xe7G\
g4\xc1t\x9eg;\x1fT\x80\xf9`E\xde\xf3A\
\x85?\xaf1\xd2\xc1X\xb7\x94\x9c\xe7\xed-l^j\
[\x13\x0c\x12\xb1%)\xe8\x9f\x97a\xdba\xd5*2\
AY\xb1\xda\x91\xba\x0c\xdc\xa38s#\x229\xab\x13\
\xc7\x1d\x80\x12|\x06\x96\x83\xfd\xe0\x00\x08z\x02\xa6\x81\
\xa6l\x06g\xee\xd1\x12T\x0f\xd5)[\xc9\x98K\x98\
N\x22\x5c\xc7\x5c\xf5\xfew\x09\xd7\x90o\xaa\x80\xde\xee\
1|\x96G\x0c\xbf\x0c\x92\x00/ i\xe00\xca}\
\x038\xb9FHu\xba\x84b\x1a!\xb5C\xb6\xe2\xb3\
\x9a!:V+T\x971\x06j\x85\x08\xff\xd7\x00/\
`\xbb\x5c\x0d\xc2\x01/\x02b\xc0b\xd4\xd3\xaev\x94\
\xce:\xa3~\xb4\xa5\xda\x03\x9dh\x97l\xc5\xe3\x7f\xa3\
1`\x87}@/\xd7p] \xb6\xc5\x18\xc0\x8b\x81\
k\xa8\xef;\xd4]\xbb\x86\xbe-D\x8dG\x12\xb2\x15\
\x9d\x91\xbe\xd5\x1fJz\xd7\x8e\x10c\xe0u\x10\x0cx\
1\xa3\x02\x9b\xc13\xc0\xce\xe0{j\x1b\xed\x0b\x08\xd9\
\x0a\xd7\xaa\xdc\xd3\xb1\xaa\xf7%\x8d\x09\xe8\xdd\x1e\x5c\xc6\
X\xe0\x98\x16;\xfaz\x1f\x82\xd1\xc0\x83\xdaF~\xa7\
)A\xed\x95\xadp\xcc\xf9\xae\x96U\xd1k\xaa\xdf\xbe\
\xea\x82\xad\x18\x07\xdc\x02H\xa5\xb6\x80\x9e\xc0\x96\xda\xe8\
\xfcPj+\xb5\x9b\x90\xed\xc9\xad\xf2\x1dm\x86\x8e\xa4\
)\xa8\x88\xedk\x12H\x03\xdc\x82\xb8\x83\xb6\xfd\x00j\
\x19\xdaK8\xfd\xa7\x15}\x90-\xffV\xe9\x96\x96U\
\xba\xad\xcd\x18\x03U\xeej\xac\xaa\x04\xeb>\x041\x80\
[ *\xb0\x1em\xedP%XkE\xed\xae|[\
B\xf4\xe5\x96<\x0e\xf2c\x8e7%\xcdHG\xa7;\
b[\xea\x06n\x02n\xe1\x5c\x07_\xa0\xdd\xd5\x0d~\
'*\x02\xea\x93lf\xfa\x1f\xfbN\xe7;\xfa}\xc0\
m\xad7\xd8\x03x)!\x11,\x03-+\xdf\xd2Z\
\x19|/\xfb\xdf<s\xb8\xa6e\x0e\xd7%\xbd*\xde\
\xd4:\x81Y\xd8\x864\x80\x97\x22t\xf0\xfb\x19\xb4\xbd\
g\xa5\xcb\xe8\xcb\x0d\xa9O\xa2o\xd7\xe4q\x90\x93\xd9\
_\xd5\xb2\x0a\x06\xff\xdf\xd0\xda\x80\xaf0\x0e\x12\x00/\
\x95\xdc\xd0\x9e\x01\xfe\x861M}\xa3>\x12\xb2e5\
\xbb+\x92.\xa4\x95\xbd\xb4\x9d\xf4\x83f\xc1\x80\x97r\
\x8e\xa3/\x1d\xec\xaef\xfa\x9f\xfa*[V\xab\xf0\x10\
\x9a\x9c\xc9\xd8>\x9aB\xab\xc3\x80\x97\x11\x0e\xa1O\xad\
\xec\xaef\xfa\xdf\xee\xb2<\x06\x0cf{I+ M\
\xa0Mu\xfb+\xda%@\x07x\x19b\x1f\xf0\xa5>\
\xd2\x18\xa0\xfe\xca\x06\xdf_\xd4@\x0b\x8da\x0c\xd8A\
\x9f\xe1@\x0dx\x19d=p\xa71`{1\x9d\xd9\
]\xd4\x94k\xdf[_\xd00\x1b\xf2?\xe9p\x8d\xd3\
8x\x01c\xe0\x11\xe0e\x94T\xf4q,\xfakO\
c\x9e\xfan\x03\x0d\xacF\xcc,\xb7\xfe\xb73\xe8p\
Q\xd3\x1c\xba\x9c\x02\xbc\x8c\x13\x8a\xbe\x0e\xd2\xf7Yh\
`}\xa9\xfc\xed\x07\xac\xce\xeb\xfb.\xe1\x80\xed`\x06\
\xe0\xe5\x84c\xe8s\xb3\x0c\xdfc\x1cX\x9d+?c\
\x80\xfa*\xfc\x9f9\x06z\x80\x10\xc0\xcb\x09:\xb0\x00\
\xfd\xafB\x1a\x08=\xce\x95\x9f1\x90\xd1\xdf\xf3\x02g\
\x10\x00x9#\x01\xfcOqNcU\x9e\xfc\xaf8\
\xab\x11P_\x15R\x9f_\x001\x80\x97C\xae\x83N\
z\x1d2\xb4)\x0f\xfeWH\xfewA\xbf\xb7\x95S\
\xdf\x0b\xa0\xc1\xbf\xc0Ca\xe4\xff\xb2<\x062\xfax\
FL\x87\x80$\xc0\xcb1i\xe0wP\xa1\xcc\xfb\x1f\
>g\xa73\xfaX\x07\x1c.\xe7\xbe7\x10\x06\x06\xb1\
#z\xdf\x9f)\xc3\xfe'v\x82\xb3\x9a/@\x0a\xe0\
2\x82\xbd\xa063\xf8\xbf\xac\x8d\x813\x1ac\xbc\xc1\
I\xc0e2P\x81\x0f\xb2\xf8\xbf,\x8d\x81\xcc>)\
\xc0w U\xf6\xf9c\xec\x01\xaee\xcd\xff\x8a\xd3Y\
\xc6t\x03pF\xf6u\xb6$\x82w\x0dz\x89i)\
?\x17\xb4>\x99\xce\x14\xa7\xf4\xbe?\xab\xb1\xc2t\x04\
H\x93}\x9d#\xa7\x80\xd2\xe0{\xc5\xc94\xa1ai\
4\x9b\xe3\xe9\xa2\xedV\xa7\xa4\xb1\x0c\x9a\x81\x8b\x80\xcb\
\xe4\x88\x0e\xac\x80f5H7\xd2\x8f -K\xa3\xff\
3\xc7@\x9a\x95\xd5\xc9\xf4\x91 \xdd\xeaT:\x97\xc9\
\x85\x93\xe9I\xe0{\xe8f+|\x7f\x02\x1a\x9e(]\
\xfe\xb7=\x96.\xc8\x18\x03'\xd2;\x83\x1b\x80\xcb\x98\
\xc5}\xd0\xd7\xe0{\xd2\xd0\xeeh\xe9\x18\x03vG\xd2\
D[\xc5\x18\x90\xa6>h\x7f\x10\xe02\xf9b;\xb4\
\xabM:\x92\x9e\xa4\xab\xa5[\x85\xc3i\xcc\x1e\xb0\x8b\
Z\xb4W\xb4\xbb\x0e\xda\xbf\x16p\x99|\x93\x8c\xed\xe7\
+h\xa8 \xff\xdb\xc3\xff\xa4\xaf\xa5\x9a\xc3\xc14A\
\x85\x83\xd2\x18\x00U1fg\x82t\xc0e\x9e\x88K\
\xf0{s{\xb1O\x85\xb6\x87J\xde\xff\x8eA\xa9\x8f\
s M\xe0p@?\x06\x0e\xa5U\xc2X\x1d\x0d\xd4\
\x80\xcb<1:0\x138\x92\xefI[\xc7\x83\xe9B\
\xf3\xe2\xb2J\xfbS\x1f\xa3\xe2\xfe\xec\xc7\x80\xfb\xfeD\
\x1a\x03\xeeh\xe7o \x0ep\x99\x02\x13\x0e\x06:\x1c\
J\x15\xdb\x17i\xed\x10$\xf9\xa1H\xfd\xbe/5+\
&\xfeg\xb7D;*\xa0=\xce\x8e\x07R\xbd\xe0\xff\
N\xe03\xb0\x0b\xedT\x03.S8@\xd3\xe3\xc0\xdf\
\xfe`\xaa\xa2b\x90\xde\x1f\x09\xd2\xb40\xad\xf2\x9e\xd4\
\xac\xec\x95\xa0z\x9cW\x0b\xdf;\xc3\xf7\xbe\xe0\x19\xf0\
%\x98\x8b\xf6\xec\xc1\x18\xb8\x0c\x1e\x82d\xc0e\x8a\x84\
+\xd0\xfb\xd5JA\xa9v\xe4\x8f\xca\xfb\xb2\xfa\xeaI\
\xccywJ\x16\x1c\x83\xb4\xcc\xc9\xd8\xff\xbbE=\xf6\
\xa8\xaf1\xf8\x00\xfe_\x07\xae\x818\xa0\x03\x5c\xa6X\
\x09\x81\x1f\xbe\x05U\x0c>r2\xf1\xa1\xd9\xbe\xdf\x95\
\x92\xc9\xa6\xcc\xf5\xab\xeeTQ\xb9\x15Ac0\x08\xdb\
\xff4p\x0e\xa4\x00.S\xe2$\x80\xa5\xf0M\xa7J\
{\xd2\xec\x84\xdf\xf6\xa4d\xf1gnVeg\xcac\
T\xdd!|_\x05\xb4\xc2\xf6\xff?\xb0\x14\x5c\x00\x09\
@\x07\xb8\x8c\xc5q\x07\xfc\x0a\x9f5\xaa\xb1.-[\
\xbf\xe6\xe4\x7f\xf2\xb7\xd1\xb4>\xc6\xcc\xe7`-\xf8\x0f\
\xa4\xa0L\x9e\xc1.\x19\x8bD\xf2M:8A\xfe\x83\
\x1f\x1b\x00\x1bS\xffV\xdb.a0\x9a\xd7\xff\xdd\x1e\
\xbc\x0e\x0e\x81T\xc0eJ-\xc9\xe0\x0c\x18\x0b\xda\x02\
\x07\x83\xdf\xabm\x84\xbf\xb7\xa6\xb2j\xdbRX\xf5m\
\xc9\x92\xff\xb7\xa5Za\xfa\x16\xc6A(\xe02e\x86\
tp\x1b\xbe\x9d\x09\xba\x82\x8a\xe4s\xc1\xbf\xd2\xb4\xd6\
Z\x0dM\xfbb<\xdc\x06\x5c\xa6L\xa2\x03\x0f\xc02\
\xf8\xfa\x19P\xa5\xe6\x96dV\x03c\xa0\xc6\xd6\xe4.\
\xd5\xb7&\x9f\x02\x5c\xa6\x5c\x10\x096\xc0\xf7\xcf\x01\x07\
\x8c\x83c\x98\xea\x00\x97)?\xc0\xef!`\x04X[\
ss\xb2\x0ep\x99rGL\xadM\xc9O\x83C\x80\
\xcb\x94\x0bt \x16\x1c\x05\xa3\x5cNp\xe6\xb2Q\xfd\
\xb4\xebF\xf5^\xc0e\xca$\xe9 \x0c\x1c\x02S\xe1\
\xef\xe7\x81\xa7\xebz\x95\x15>3\x97\x0dj\xe6\xbaA\
\xad\x04sj\xafW\x1f\x06\xd7A$\xd0\x00.S*\
I\x02WkoP\xaf\x87_\x7f\x04=\x81{\xed\x8d\
j\x9bZ\xe4s=\xf8\x8ea\x19Vs\x8b\x9a\xb9\xad\
SW\xc0:5As\xf0\x0c\xf8\x14\xfc\x05\xd6\x82\xdd\
\xf8\xfb)p\x05\xdc\x01\x0f@\x04\x88\x07\x1a\xc0eJ\
\x045\x88\x02\xf7\xc1%\xf8i\x13\xf8\x0d\xbc\x01|\x81\
\x93G\xa0\xda\xcaU\xda\xc6\x19m\xef\xaeF\xfe\xc7\xdf\
s\xc5}\xad\xda\x16\xe5:\x83\xea\xc0\x15x\xe2\xbb\xe6\
\xa0\x03\xe8\x07^\x01_\x80_\xc1\x5c\xb0\x16\xac\xcf\x07\
\xeb\xc0!\x90\x04x9#\x19D\x83\x07\xe0\x0c\xf8W\
\xafG^\x9a-\x01\x13\xc0\xf7\xe0=0\x00\xb4\x83o\
\xea\x83\xaa\x98\xb71\xf5c\x86\xff\xf5\x98Zv\xbe\xaf\
\xb9Y\xec\x13\xcc\xa2\xeer\xb5\xc2}\x8d\xda\xc1=\x10\
\xf5\x07\xaa\xab\xe5\x03Z\xbe\x8eG\xa0\xea3p\xc6c\
\x8dJ\x03x\x19\x22\x0d\xfdR\x818\x10\x01n\x82\xe3\
`.\xf8\x04\xdbf?\xf4_\x09\xea\x82\x1af\xe8G\
\x7f\xaf\xe4\xb1Zm\x9d\x9b?\xc4~\xdd\xc8\x97\xf9\xb1\
\xbc|\x8d\xf1\xf58\x81\x05\xa3\xce\x9a$+h\xd5\xac\
\xcej\xd5xp\x1f\xf0RH:\x88\x04\xc7A \xf8\
\x1b\x0cC\xbf\x06\x83\xee\xa05\xf5\x11x\x01\x87Zk\
\xd2\x99[`\xf2\x93\xeb\x96\x8d\x1f\xb2\xf3WQZA\
\xfd.X\xa3f\xd8\x16\x184auW\xa9\xecA7\
p\x10p\x0bF\x07\xe2\xc0M\x10\x04f\x83\x0fA\x17\
\xe0\x05\x1c\x80\xb5\xe7J\x95U\xb5m\xaa\x8c\xfee\x10\
\x98\x89c /\xb0\x86\xa5\xd5\x0cz`;a\xf5\x97\
\x0b\xff\xb3\xba+U\x0c\xba\xf5\xf2\x0cP\xdd\x03\xdc\xc2\
\xd0\x81\x1bh\xdfX\xf0\x0ch\x0e\xaa\xa3\xdd\xb6\xfa\xf1\
+\xa0\xfe\x18C\xdfe\xf1\xbf\x11\xb2\xb1\x0c\xdd<\xc9\
\xf7\x01`\x85\xca\xc6kE\xd2\x08\x90\x02\xb8\x85\x10\x0d\
\xe6\x836\xd4>Oi\x9cf\xb4='d3\x7f\x0c\
\x90\xef\xa1/\xab\xb7\x5c\xe0\x026\x02^\xc2\xa4\x82\x03\
\xe0\x8dz+\x92*S\xfb\xc4\x18]\x99\x89\xec\xf7\xc2\
3\xd2\xd7{i\x12\xab\xff\x0fX\x96\xd4\x09\xdc\x02\xbc\
\x84\xb8\x0bF\xa2-^\x9e+1&WdB\xed\x94\
\xad\xf0\x8d\xb6}\xf2\xbd\xf72\xf2\xbfJ\xd1`i\xe2\
\x97@\x05x1\xa2\x05\xfb\xd1\x86\xde\x18\x8b6b,\
\xea\xd1\xef\x9bdG\x15\xa1\xd5_\x02\xffC\xeb\x06K\
\x12\x89Z\x0d\x97$\xee\x06\xbc\x98P\x83\x85\xa8\xb7i\
\xfd\x7f\xd4b\x1c\x1a\xa8\xaf\x1f\x9b\xb2\x15\xbd5Z\x1c\
\xcf\x1a.Nd\x8d\x16\x82\xc5\x89\x9f4Z\x94\x98\x02\
x\x11\xa3F\x9d\x13A\x0d\x1a{\x0di\xfc-M\xcc\
\xf0\xbfl\xc5g\xa4\xffx\x96\xc8\x1a/\x14\xd4\x07g\
\x01/BT`\x02\xa8\x86\xf1\xc6\x1a/\xd6\xfb\x1f\xc8\
V2F\xbeo\xb2 \x81\xa6\xd6\x98\x8e\x05:\xc0\x8b\
\x005\xf8\x0b\xf5T\xa5:=WH\xe3\x8e\xf6?\xb2\
\x95\xe01`\x11\xfc?/\x815\x95x\x1a\xdc\x03\xbc\
\x90I\x05\x93\x9a\xccO\xa8\xd6dA\x22k6'N\
\xf8\x9e\xea\x96\xadd\xad\xe9\xfcx\xe1\xfbfs\xc1\xbc\
\x04GL\x97\x02^\x88hE\x99\xf3\x12\x5cD=@\
\xbf\xbf\x91\xc5\xb7\x10k\xb60\x81\xf9\xcc\x06s\xc4\xf4\
-\xa0\x02\xbc\x90\xd8\x83r\xbd}h|\xcd\xd1\xfb\x7f\
~\x82,\xba%\xf9\x1f\xbe\xf1\x9d\x1d\x0fh\x9a\xe0\xed\
;+\xfe\x02\xe0\x85@\xaa\xef\xac\x84\x0f\xa8l\xc3\xf8\
\xa2\xbah? \x9be\x19|\xc5\xfcf\x0a\xec\xc0\x0c\
\xc0\x0b\x81\xbb\xa0\xa5\xbe\x5c1\x06d\xb3\x5c\xff7\xff\
;\x9e)%\x06\x82x\xc0\x0b\xc8\x06PY\x949#\
^\x16\xd9\x82\x8d\xb6O\xe5t0M\xe0\x0e\x8e\x00^\
\x004\xe0;\xe5\xa4h\xa9L\xd9\xff\x16o\xca\xa9q\
\x06\xac\x95S\xe2\xfe\x00\xbc\x00<\x04\x1d\x00\x13\xcc\x91\
\xfdo\xf9\xfe\xc7v\xfa\x17\x98\x14G\xf4\x05q\x80?\
!\x01\xca\xc9q\x95\x80\xf0\xbfl\xa5d\xfb\x9f\x98A\
C\xe5_q\x97\x01\x7f\x02b\xb0\xfe\xa0\x8c\xb2d\xff\
\x97\x9e10\x01\xfe\x9a\x10KT\x04\xeb\x01\x7f\x02\xb6\
\x81\xea\xa2\x1c\xf2\xffd\xd9\xff\xa5\xc6\xff\x7f\xc1_\xe3\
\xe0\xb7\xbfb\x15\x98\xfe\x0ct\x80\xe7\x035\x18\xa2\xfc\
\x13e\x8c\x8f\x15\xe5\xc9V\x9a\xb6\x7f\xf8l,\xf8C\
\xf0<H\x04<\x1f\x9c\x06^b}\xf2\xff\xf8\x18Y\
\xd4\xd26\x06~\x83\xdf~\x154\x03\xd7\x01\xcf\x07+\
\x80\x83X\x1f\xfb\x00\xd9J\xa1\xff\xc7\xc6\x18pR\x8e\
\x89\xd9\x05x>\x98\x8d\xf5\xec0\x15\xfb\x10\xd9J\xa1\
\xffi\xdb\x1d\x1dC\xd8\x81\x85\x80\xe7\x83?\xe1{\x05\
\xad/[)\xde\xfeG\x82Q\xf0\xe3\xc8\x98\xd1\x80\xe7\
\x83\x1f\xc5\xba#e\xff\x97\xea1\xf0K\x0c\xf3\xfb9\
\x9a\xf8\x04h\x017\x83t\xf0\xa9~=Y\xc4Rl\
~\xc3\xa3\x0d\x0c\x02\x89\x80\x9b\x81\x0a\xbciXW\xb6\
R\xec\xff\x1f\xa3\x0dt\x02!\x80\x9bA\x14\xe8aX\
W\xb6R\xec\xff\x1f\xe0\xc3\xef\xa3i\xda\xc8\xef\xfb\xa8\
\x1b\x80\x9bA0\x96o\xa2_O\x16\xb14\xfb\xff\xfb\
(\xe6\xf7\x9d\xa0&8\x0b\xb8\x19\x9c\x06\xaeb=\xd9\
\xff\xa5\xdf\xffC\x05U\xc0\x11\xc0\xcd`\x03p\x12\xeb\
\xc9\xfe/\xfdc\xe0\xeb(\xa22\xd8\x06\xb8\x19\xcc\xf4\
\xfb&\xca\x86\xd6\x93\xad\x0c\xf8\xff\xcbH\xc2\x01\xac\x04\
\xdc\x0c~\xd4\xaf#\x8bW\x16\xfc\xffy$a\x07\xe6\
\x01\x9e\x07j\xf0\xb6~\x1dY\xbc\xb2\xe0\xff\xcf\xe0\xcb\
\xffEZc\xfa\x17\xe0y\x90\x08^\x12\xeb|&\xfb\
\xbfL\xf8\xff\x93HB\x01~\x03<\x0f\x12\xc1K\xfa\
ud\xf1\xca\x82\xff?\x8a`~\x1fFXc:\x01\
\xf0<H\x04/\x89u\x80l\xa5\xdc\xf7\x83\xc3\x99\xdf\
\x07\x11D\x05\xb0\x04\xf0<H\x04/\xe9\xd7\x91\x05,\
\xe5\xe6\xfb*\xfc\xff\x8e\xa02\xd8\x01x\x1e$\x82\x97\
\xf4\xeb\xc8\x02\x96v\xff\xbf\x01?\xbe)\xa8\x85}\xc1\
\x19\xc0\xf3 \x11\xbc$\xf6\x1b\x83e\xff\x97\xfe\xed?\
\xcc@c\xec\x0bn\x00\x9e\x07\x89\xe0%\xdao\x10\xb2\
\x95r\xff\xbf\x18f\xa0#x\x04x\x1e\xc4\xfb\xbe\x14\
\xf6\x9cX\xe7\xa50Y\xc0\xd2\xee\xff\xe7\xc3\x0c\x0c\x04\
\xf1\x80\xe7A4\xe8jXO\xb6R\xee\xffgC\x0d\
\xbc\x05\xd2\x00\xcf\x83\x08\xd0V\xac3 T\x16\xb0\xb4\
\xfb\xbfo\xa8\x81\xf7\x80\x16\xf0<x\x04\x1a\x8buz\
\xc9\xfe/\xf5\xfe\xef\x19j\xe0\x15\xdf\x9e!j\xc0\xf3\
\xe0\x0e\x96\xf56\xac'[\xe96\x9f\xae!\x06\xfa\x82\
h\xc0\xf3\xe0<\xa8cXO\xb6\xd2c\x93&Mb\
\x7f\xfc\xf1\x07\x1b1b\x04\x9b5k\x16[\xb0`\x01\
\x9b3{*\xeb\xd0\xef:k\xd6)\xb4\x83O\xa7\x90\
G\x80\xe7N\xe81\x9f\xce\x91\xae\x8d\x9f\xda\xc8\xaaW\
\xaf\xc6\xea\xd5\xab\xc7\x94J%k\xde\xbc9\xabY\xb3\
&\xf3\xf6\xf6fu\xea\xd4\x91\xc5\xb60\x9b8q\x22\
\x9b={6\xfb\xe2\x8b/\x98Z\xadf/\xbf\xfc\xb2\
\xf5\xcf?\xffl\xf3\xfd\xf7\xdf\xdb\x1c\xdf\xc6\xacZv\
\xbe\xd9\xdc\xb7\xfd\x83\xdb\x80\xfb\xb6\x93\xf0\x11\xdc7\xe1\
\xde\xe6&\xadvVw\xae\xc8\xac\x1d\x1d\x1dm*W\
\xael\xeb\xe6\xe6f_\xa9R%\xab\xee\xdd\xbb3\xce\
9\xf3\xf2\xf2b\xbe\xbe\xbe\xb2\xe8\x16d\xb4\xdd\x7f\xf5\
\xd5Wl\xcf\x9e=,  \xc0{\xcb\x96-\xe37\
n\xdc\x18\xb0r\xe5\xca\x80\x85\x0b\x17\xac\x988i\xee\
\x96\xcf\xbf\x0a\x88\x7f\xff\xa3\xe5|\xf0\xbb\x0b\xf9+o\
\xcc\xe6\xcf\xbd8\x8d\xf7\x1b0\x81\xf7\xe8\xf3\x1b\xef\xdc\
u$o\xd3\xe1G\xde\xf2\xa9\xf7\xee6m\xea\xb7\xda\
\xd3\xd3s\x85\xab\xabk\x80\x9f\x9f_\x80\xbf\xbf\xff\x9a\
N\x9d:\x0d}\xea\xa9\xa7\xaav\xe8\xd0\x81\xbd\xf8\xe2\
\x8b\xb2\xff-\xcc\x96-[\xc6\x02\x03\x03\xd9\xfc\xf9\xf3\
\xab\x9e<yr\xf1\xcd\x9b7u\xe7\xcf\x9f\xe7G\x8e\
\x1c\xe1;w\xee\xe4\xeb\xd7\xaf\xe7\xcb\x97/\xe3s\xe7\
\xce\xe2\x93&M\xe0c\xc7\x8e\xe2?\xfc\xf0-\xff\xdf\
g\x9f\xf0w\xde\x19\xcc_|\xf1y\xde\xb7o/\xde\
\xa9S\x07\xde\xb2e\x0b\xde\xb0aC\xde\xb4iS\xde\
\xabW/\xfe\xec\xb3\xcf\xf2~\xfd\xfa%b\x1c|Q\
\xa5J\x15\xab\x16-Z\xb0\xc6\x8d\x1b\xcb\xa2[\x88\xd1\
\xf1~\xfc\xf8\xf1,11\x91\xed\xde\xbd{\xd0\xdd\xbb\
w\xe3\xee\xdd\xbb\xc7\xaf\x5c\xb9\xc2O\x9c8\xc1\xf7\xed\
\xdb\xc77o\xde\xcc\xb1_\xe0\x18\x1f|\xca\x94)\xfc\
\xd7_\x7f\xe5?\xfe\xf8#\xff\xfc\xf3\xcf\xf9\xbb\xef\xbe\
\xcbq\xbc \x1f\xf3\xce\x9d;\xc3\xff-y\x93&M\
\xc4\xfc\x80\x01\x032\xe8\xdd\xbb\xf7\xb96m\xda4\xc0\
\xbe\x80\x0d\x1e<\x98\xd5\xaf__\x16\xdf\x02l\xf8\xf0\
\xe1l\xde\xbcy\xec\xeb\xaf\xbf\xae\x80m~Axx\
87\xf6\xff\xde\xbd{3\xfc\x8f\xe5\xcc\xf2?\xce\xf7\
\xb0?\xe8\x9b\xc5\xff\xfd\xfb\xf7O\x81\xef\xdf}\xf3\xcd\
7Y\xb3f\xcdX\x83\x06\x0dd\xf1-\xc0\xbe\xfb\xee\
;\xb6}\xfbv\x86c\xbd\xfb\xed\xdb\xb7\xcfEEE\
\xf1\xe0\xe0\xe0\x02\xf9\x1f\xdb\xb9\xd8\xef\x1b\xfb\x9f>w\
\xeb\xd6mV\xed\xda\xb5m\xe9\x18@\xd7\x02\xb2Y\xc6\
\xb9\x1f\xfc\xcc\xe0c\x7fl\xfb\xe1\x05\xf5\x7f\xabV\xad\
\x1e\xdb\xf7\x1b\xe8\xd9\xb3g\x10\xce\xfd\x5cZ\xb7n-\
\x9f\x03Z\x88\xadX\xb1\x82]\xbcx\x91\x05\x05\x05\xbd\
\x11\x13\x13\xa3\x8a\x8e\x8e.\x90\xff\xe1[\xde\xb5k\xd7\
l\xfd\x8f\xf3\xc1kO?\xfdt\xfd\xf6\xed\xdb3L\
e\xf1-\xc0v\xec\xd8\xc1\xae^\xbdJ\xfb\x80O\xe1\
\x7fMA\xfd\x8f\xeb<\x8ek\xfdl\xfd\x8fs\xc0G\
\xb8\x06lJ\xe7\x804\x06d+y\xdb\xbf\x7f?\xbb\
q\xe3\x06;s\xe6\xccP\xf8\x9f\x17\x86\xff{\xf4\xe8\
\x91\x93\xff\xc3\xe0\x7f\x1f,\xc7\xb0\x8f\x90\xc5/g\xfe\
\xef\xd3\xa7O\x18\xb6{?\x7f\x7f\x7f\xba\xde\x90\xc5\xb7\
\x00\xc3\xf5=\xbb~\xfd:\xf9\xff\x9bb\xda\xfe\x9b\xd1\
\xf6\xdf\xb1cGY|\x0b\xb0\x7f\xff\xfdW\x1c\xff\x8f\
\x1d;\xf6\x11\xfc\x9fV\x18\xe7\x7f\xb9\x1c\xff\x1f`\xfb\
oB\xbe\x97\x8f\xff\x96a\x8b\x17/f\xe7\xcf\x9fg\
\xf0\xf3+\xf0}bA\xfdO\xd7\x7f\xb9\x9c\xff_\xc2\
\xf8\xf0j\xdb\xb6-\xa3k@\xd9J\xde\xc6\x8c\x19\xc3\
\x8e\x1e=\xca6n\xdc\xd8&$$\xe4Qa\xdc\xff\
\xc1\xf9}N\xd7\xff;\x9b5kV\x1dcD\xdc\x03\
\x94\xad\xe4\x8d~\xf3\x85\xef\xd9\x92%Kj\xe1<\xf0\
Ha\xf8\x9f\xce\x01\x9ey\xe6\x99\xc7\xee\xffa\xbf0\
\x01U\x8a\xdf\x80<==e\xf1-\xc0\xe8\xf7\x9f\x99\
3g2\xf8\xc7\xe6\xf4\xe9\xd3\x93\xc2\xc2\xc2\x0a|\xff\
\xdf\xcf\xcf\x8f\x8e\xf5Y\xfc\x8f\xbf'\xe0\xb8\xff\xc2\xa0\
A\x83X\xc3\x86\x0d\xc5\xb3!\xb2Y\x86\xff\xe9\xf9\x8f\
\x0b\x17.\xb0\xad[\xb7v\xbb}\xfbv\x88\xc1\xff'\
O\x9e\xcc\xf8\xfdo\xe5\xca\x95\x19\xbf\xff\xfd\xf6\xdbo\
\x19\xfe\x7f\xef\xbd\xf7\x1e;\xfe\xd3\xef\x7f8\xbf3\xdd\
\xf7\xef\xc71\xdf\x8d\xce\xfb\x08\xf9\xf7?\xcb\xb1\xa5K\
\x97\xb2\xe5\xcb\x97\xd38\xa8p\xe8\xd0\xa1Q\x97.]\
J8u\xea\x14\xdf\xbf\x7f?\xc7\xf5\x01_\xbdz5\
_\xb4h\x11\xff\xfb\xef\xbf\xf9\xb8q\xe3\xf8/\xbf\xfc\
\xc2\x87\x0e\x1d\xca?\xfe\xf8c>x\xf0`\xfe\xfc\xf3\
\xcf\x8b\xdf\xfaqm'~\xfbk\xd0\xa0\x81\x00\xd7\xf9\
\xf4\xbb\x1f]\xf7\xdf\xc3\xd8x\x91\x9e\xff\xa1\xfb\xfe\xf2\
\xb6oy\xfb\x00\xec\xfb\xc5o\x01\xb3f\xcd\xaa\xbej\
\xd5\xaa\x8f\xe0\xf3\xb1\xb86\x18\x83\xcfc&M\x9a4\
\x06\xdb\xfc\x98\xe1\xc3\x87\x8f\xf9\xe6\x9bo\xc6|\xf2\xc9\
'c\xdey\xe7\x9d1\xd8\xee\xc7\xe0\xb81\x06\xd7\xfb\
c\xe0\xfb18\xae\x8fi\xdc\xb8\xf1\x98\xbau\xeb\x8e\
\xa9U\xab\x96\x98\x87\xdf\xc7`{\x7f\x01~\xaf\x80\xf3\
\x02F\xcf\x00\x95\xb7s?.,sN\x98\x86>\xfb\
g~N\xa1\xcf\xce&\x9f\xed3?\x8b\x14\x0a\x8a\xcc\
\xcf\xc1,k\x81A,k\x81\xa3\xc5g\xcf\x8c\xcfR\
S\xecM>[\xe7\xf4Y\x97\xa5\xed\xfa\xe6\xc2F\x19\
7/\x9b\xcf\xfe\xc6\xcd5\xfa\x1c\xac\xff\xec\x99\xa5\xb9\
\x99\x0d2\xfd<\x9aem\x90AKE\xf6\x9fu&\
bg~\x1e\x95\xedgM\x8e\x9f\xfd\xb3t\xc7\xd0`\
\xd3\xcf\x99\x09-\x9c\xb3t\xcf\xd0\x81\xa0\x8c\xcf\xd6\xd9\
~\x1e\xcd\xb2v\x80e\xfd\xac3\x19=\x1a\x93\xcf\xc6\
\xa3\xcb\xdf\xb85R\x03\x83\x8c?;g)\x8d\x1a\x10\
l2<\x83\xb2~\x1ee2|MO\xd4\xadK\xd9\
\xe6gm\xd2?\xff\x14\x93\xfe>\xa6\xa7\x91\xc2\xa3\xb2\
\x8e\xcfQY7?E\xd6\xcd\x95\x99l\xbe\x0a\x93\xcd\
=sk\x93|\xe2l\xf2\xd9hw\xc0\xb3\xd4\xf6\xf8\
\xee\x83g-^\x8c(\xeb\xdc>\x07e\xa9N|\xf6\
\xcc\xeds\xf0\xe3\x9f\xfds\xfb\x1c\xf7\xf8\xe7Q\xb9}\
N\xc9\xda\x9dl>+r\xfd\xac)\xe2\xcf\xba\xac\xf2\
\x15\xfag\x8d\xc5}\xce\xea\xbf\xd1&\xe3%\xeb\xd1(\
\xcf\xcf\xba\xac\xc3\xbd\xcc\x7f\xceM\x8f\xf1\xcf\x0f\xecS\
\xd9\xd1\xcd\x11_U\xee\xd7\xb7\xe7\x0b\xd8ri\xebe\
\x15\xec0\x19<t\xd5G\x8c\xf9~\xdd\xafg\xb7\x97\
~\xbc\x19\xbd\xf0\xa7\x19\x0d^\xfd~\xe5~\xf7\xaa\xb5\
\xb7\x0e{u\x98\xdf[o\xad{\xfb\xca\xb2\xad\xdfm\
o\x10T-\xb0\xc5k\xad\xae\xdb\x7f\xfe\xf9\xc4\x1b\x9f\
\x7f0\xa2\xc5\xd1\x05\x0fj\x8f\xf8(\xea\xc1\xb7Au\
G\x9cm\xf1\xd7\xec\xda!\xa7\xdf\xdbR\xf5\xa3>\xd5\
zGU\xab\xe0p\xb8~=\x87\xdf\xd8\x17~[/\
O\x1f~w\xcd\xae\xdd\xdb\x06\xbf\xbf3\xf1\xd8_k\
\xd7\xaeY\xff_k\x9f\xcd\x9bc\x86\x9d\x0d\x9cx\xfa\
\xe4\xc4\x9fkW\x8duI\xbe3\xec\xee/c\x07\xb5\
\xed\x92r\xc0\xb9U\x9b6\xbd\xdf|\xd3\xfd\xd6\xf6\xaf\
B\xf7\xa5\xc7T\xdc\xb5k\xd7+k_\xdb\xb4\xcc:\
nY\x93\xfa\x93?\xb8\xdf\xee\xa3\x90\x1fT?\xd5\xe8\
\xd5\xa0_\xab\xbd\x9d\x93\xf9\xca[]n\xfd\xe2\xe2h\
\x9b\x96\x9e\xfe\xfa\xbe\x9f\xdb\xb3A5z\xadx!<\
\x05\xf6\xd2s\xcfM\x198p\xe0\xc5+W\x8e\x1cr\
\xf6_\x90|\xef\xa9Z\xa3\xbdb\x1d\xffu\xe4q\xce\
\xbck\x8d^\xdf\xfd\xf0\xc3\xc5\xabW\x8f\xeeM\xfe\xcf\
\xc7\xe7\x95\xb5\xd7/\xdf\xb8\x91:Y\xadV\xfb\xbc\xbc\
\xf5Vb\xa7\xf8_<\xcf%V\xa9\xda\xe9\xdc\xfc\xff\
\xd6\xcfj7yer\xd3\xfa\x97n\xad\xe9\xa0\xfd\x7f\
\xcd^\x1d\x16\xd5\xfb\xbc}\xb6\xe8X\x1a\x09Iia\
\x11\x90\xa5S\x91n\x95^D\xa4\xbb\xa5vi$E\
\xba\xa5KB\xfc(%\xac \xa1(!\x0a(\xdd\x08\
\xc8.%\xb1\xc4\xbb~\xdf\xeb\xf7\xc7\xd9\xeb\xda\xf3\xdc\
\xcf\xcc<3sf\xee\xb9\xcenn\x95p\x9d\xbc[\
\xe8\xfaJ\x18\xe1U\x84\x1d\x1c\xcaH\x01S\x1c\x85p\
\x93E\xcd\xd9\xb3\xce\x7f\x9b\x98\xf0\x9b\x22\xea\x0a[\xfe\
,\xda\xf4xc\xa4\xc8}\xae#K\xebz\x08?\xae\
\xcfU\x9a\x95\x01-\xff\x9c\x9f\xdc\xd4\xd4\xf4\xf0\xf0\x10\
q\xeb\x16/\x91\xb4n\xdf\x7fey\xb4\x9b$\xde\xb1\
I\xed\x92Os\xc7\x98\xd1L$\xebw\xe7^\xd8\x0c\
\xcb\xd9\xd5V \x1cJ\xfc\xea\xc2S\xb3LP\xbe\xb8\
\xb8 \xfa \x8a;W\xf9h\xa6L\xc8RFF\xa6\
?\xfb\xa6\x95'\xcb\xf3\xe5\xb3\xa3\xedj\xd8\xa0\xb3\xc7\
y\x97\xe8\x98\x88u\xf8\xd1\x8fY\xbfQ%*Z\xda\
a,V\xd5+2\xf2jF\xd6\xe3\xd7!\x8180\
\xb1\xfc\xf7\xee]\xa8=\xab\xc9\xcdX\xf5\xa5\x0az\xe8\
\x07\xff\xbd\xf0\x12n2\xbc\x22\xed\xc2q\xad%\xb5\x14\
n\xc7\x0f\x87?0\xfe\x8f\xde\x8ci\xf4\xe0a\xcb#\
Xtt\xf4\x9bw\xef\x0cqS\xc7\x17c\xc7\x17K\
\xfc\xda\xf2\x9a\xab\xe3\x1a\xf14\x9cl\x1c\x1c\x8f\xc3\xc2\
\x0a?|PK\xbd\xae\x94\x7f\xfcR\x86-!h\xa9\
\x13\x81\xb5\x00p\xc1\x83\x0a\x9b8\xdc\xb1\x82\xbc\xfc[\
j\x1a\x9a\xee\x00\x14\x0aE\xfd\xc53a\xc3\xe4ID\
\xa0\xb8\xdf\x82\xec\xc2U]\x02\x99\x87\x87\xc7\xe1\xdf\xbf\
\xf4qK\xda\xb8\xe3p\x15w77B?\x82\xcak\
s{{\xfb\x95\x99\x88\xbf\xbf\x7f.S3\x14\x01\xaa\
aP\x08\xdcA-t\x87\x9b\x081v\x10y\xbf\xad\
\x92\xa2b\x97\x85A\x80\x9b-Jq\xb4\xbc\xb3\xb3`\
dd\xc4\xb4[\x90\xaa\x8f\x89x\x9e\x00{V\xcf\xe9\
\xff\xdcr\x88\x063\xdc1\x9e7\x97eK&W\xe5\
\x0c\x1e\x0d\x9d\xef\x9b|e\xa5\x9d\xf1\x11\x12G8;\
k\xc4\xed\xee\xd2\x14T\x5c0@A666\xad\xe7\
 \xbf=\xc54\x04U\x93\x18#\xc5L|\x5c\xdc/\
\x02\x81@\xde\x97\xae_p{\xcd&\xbc\x1c\x93\x0b|\
O\xcc\x12}\xf0m~\xde\x16\xaf\x88\xfb%\xe36\xe9\
~\x18\xde#|.\xca\xab\xfe\xd2\xa8\xb4\xbc<Z\x8a\
\xdc\x845\xae\xa8x\xc3\x86%\xce\xfe*Ev\xfe\xde\
K\xa3\xa1\xce\xb3\xbb\xd1-\xc6h\xf9\x16\xfb>\x92o\
\xd27\xdf\xfc\xf7\xdf\xfb\x8a\xea\xea\xeaz\x8b/\x91t\
<T\x1a#w\xd3\x14G\x0f\x94F;;\xde\xbf\x0f\
?=\x9a\xb2\xeb\xa9&\x0a\xfa\xf4\xe9SWd\xd4\xb8\
\xea\x17p\x0d\x84\xb7\xf7\xe3\xc7\x98\x18\xfb\xe9\xf1\x99\x99\
\xd0<\x1cA\xdf\xe12\x89\xec\xcf\x9f?N]\x04'\
\x5c\x16\x82j*q\xe8\x17q0\xea\xedg\xb1\xd3\xcb\
\xe0\x0f\xb9\x82\xfe\xcfN\x8c\xd03d0\xbeT\xf6\xd6\
\xad\xd7>?\xea\xcc\xeb\x95F\xdd(\x0e\xb8\xac\x17.\
\xdd\xbf\x5c\x89\xd8\xb3\x06Bf\xfa\x10;\x1dk\xd9V\
\xcenn\xc3\x04AV\xea\x8f\xd0R\x1a\xff\x80\x00\xba\
8\xfb\xd2\xba\x19\x12\x12\x92\xec\xd3\xee\x05\x8ew\x91\xb9\
\xa9\xc2H\xab(n<\xd1@^\xaa\xbe\xdd\x0f\x1f>\
\x84\xc4S\xa7L~\x08\x03\x02J\x9b\x9a\xd2\xd4_.\
\x06\x04\x06zzzy\xd1\x1anx\xd8\xdd\xd3\x84.\
\x1c\x8f\x9e\xed\xda]\xe4n\x84\xd4S\xc6\xaa\xb7\xb9\xff\
\xbc\xe5\x07}\x8b\x14\xf8\x1f\x9c\x98W\xef\xdf\xbe}\xab\
f\xeeQ\xe7\xf0\xf4\xfa#\xfe\xe2\x8dWTQ\xa5c\
\x93\x93\x81\x06\x93\xd1-'\xcd\xadV\xa4\xaf\xc7,\x85\
\x19)\x94\xa4\x8d\x83\x03~\x80\x91\xc7i\xda=8\x82\
=k\xdc2\xa1;\x16\xf2\x16A\x14\xc3\xcd\x00H\x90\
E)\xd3\xb9\xd49X\x16Iy\xd3$$\x1c\x06\x17\
o<\xd8\xe0f}\xa5kj\xd3\x90\x94\xe5\xfe\xf4\x15\
TmL\xe3\x85\xdc\xfdQ'\xa4\x89f\xd8\xf1\x98t\
\xb7^\xb9\x9a\xf4\x8f\xfe\x8e\x87y\x92\xa6M\xc0\x1b\xbd\
zI\x90s\xb8\x1e\x90\xfc\x02N\x97\xc1O^\x1c\xb2\
~\xed\xf7\xf6\xf6p\xa7\xfc]\x88$\x08a\xa0\xae\xc9\
\xaf?QjR\x8b\x90\x96\xce\x0c\x0aH&y\x04F\
\x15j\xe6WY\x0a1~v\x9bl\x18\xe7T\x08\x5c\
\xb5\xe1\xfc\xff\xc9 F\xae%J\x9d\xe7\xe2\xe4T\xfd\
\x15\xe6\xec\xa3\x07l\xa9r\x0c\xf2k\x97\xb9\xe4\x1b\x80\
\x5c\xe6\x8fj!\x14\xebPk\x8ai\x04\x8aS(g\
8\xb8\xb8\xda%?\xb5\xceU\x9d\x01\x061o\x85\x95\
h8\xdc7\xbfY\xebjy\xd10\xde\xf1/`&\
\xb518B]\x9d \xba\xaa%\xaf\xde\xa5w\xf4\xc2\
A>\x9f_\x9b\xf1\xce\xf3\xdb\xda\xb6\x0c\xe5j\xff \
{{>Q\xdc\xf7fff\xd2\x12\xef\x85-\x856\
pm\x8c\xc7OI\xebke\xf0'\x8ad=\xd3'\
q\xfdg\x02v\xbc\x5c\x8b\xbc\x0f\xf1gww\xbe\x80\
_\xfb\xbbX\x90\xbe\xb9\x92\x1d\x08I?\xe8\xe3\xe8\xea\
\xfay\x1f\xf4\x06\xb9\x0em\x80\x0c\xa6r:\xb8\xbb\x8b\
\x09g\xe9\xa4\x11'i\xa6\x09i\x8f\xfcT\xbf\x0c\xfe\
\x0d~\xb0K\xbek~\xd5(\xb1\xcc,/\xf5\xc5\x0b\
\xe7\x0c\xff_F\x81\xe8^VW\x0b\xee\xfe\xf9\x13\x1e\
|uy\xa1\xb5\x82\xf4\xcc\x7f\x8e\x96\xd6'\x22\x9c\xfe\
|I*\xab)\xabS!>\xac+\xfd\x8f\x9e\xebT\
f\x1c\x1b\x22\xd8\x12\x88\xcf\x1b\x9c\x8eX\x84e\xa8\xfa\
V\xca\xcb\xcbG\x01\xfd\x15\xd2{\x13\x99&\xb5\xfeo\
\xbd\xa6|\xdb\xc3X\x83\xcbLj3m\xcf\xbe\xe5X\
r\xa8&9\x80\x8dH\xcd\xb2\x88GL\xe5R\xb1\xbd\
\xc6\xceN\xf0\xa95\x13\x91\x1d\xc6\xe7\xd5\x99\x88d\x8d\
\xb8J\xab\x9a\xcbhgpf\xe98\xfa\x1fm\xfd\x90\
\x97\x93s\x99\xc0Xq(t\x06,/~\x88\xe6P\
\x89P\x14aN:\xe6P\x0e;\xb9\xf7\xf4\xfa\x8aW\
\x8a\xaay5\x0b\xb5\x12\x831c\xbfK\xfe\xbci\xad\
\xd9\xdd\xa6\xce]\xf9e\xe4[T)\xf3 1\xd3\xbb\
p\xe1\xb8\x95\xdf\xd5%U\xd6\xe2\x83\xd8\xd4hR\xda\
K\xa1\x19O\x8a2\xa1G\xbe\xbe\xfbo\x22\x00\xf3J\
kq\x9cA\xc6\xea\xe5\xa3\x96\xe0\xe5K\x02\xae\xdaZ\
\xbc\xd5m\xaa\xb1\xab\xdeK\x1aN\xac\xd9\x92\xd2\xd2\x1f\
\x89E\xe4\xc7A\xd7\x0a\xd1\x8f\x9d\xe1\x8f\x1f?\xae\xb0\
\xe8\x00\xb9\xe4\xdf\x92\x94\xf4\xb1\x14\xe5\xd6\xce\xf0e\xbc\
\x13\xf4@$K0G\xc2\xae89%\xa5\xc8P^\
\xd2\xe1\xb9=\xd8H\x90\xe8\x8e\xf6\xe3\xf9\xd0k\x9c\x9c\
\xaf\x18\x93\xfaq\xb8\xb9\xcec\x02\xb19e\x0eo\x15\
\xbaZ\xe0&n\x1e\x87\xd7]\x14\xfe\x961\xaf|(\
Flz\xb7\x9b$T\xcd'Lj\xdfH=+\x93\
`I\xea\x8f.**\xd24~\xbc~E\x8f\x85\x96\
\x1aP\xd1\xd0\xbc\xf6Y\xb9\xfb\xac\xff\x91\xa5x\xceq\
Jjj\x04j\xaa\xd1F%\xb5\xac&\x93?\xf1\xfe\
\xe0\xca\x0b~\x1e}\xd3'J\xa3\xb6\xba\x13\xdf=F\
\x83\x1b-\xf2\x8e\xac'~\xed/\xba<\x1d\xa8\xec7\
\xcf\xd2\xa9\xec\xdd\xdc\x14b``\x988\x80\xbc\xce\xb8\
/\x92\xa5\x91\xa5\xb3VeR{\x88%\xf6\x09G_\
\xdf\x8c\x91\x11\x03w\x11\xefm\x87\xe7\xe8\x80\xe5\xa1\xe7\
|\x15.\x9f\x9f1\x89N\xbf\xf3\xb2s\xfc\xf3\xeb?\
\xda\xebH\xefE.\xc3B\xe4\xde\x06\xb1\xda~\xe6\xd7\
~\xba\x8c\xcc\x16z\x96k\xb1\x8c\x14\xa83\xe3O\xe4\
U!~\xa6\xae\xfc\xbaZI@>K\x5cN\x10\xf2\
m\x1a\x9c\xb8J\x9a\x0b<R\xfa\x19\xc8x'\xb3\x1c\
Y\xabi,\xff\xfejGj\xcd7\x0f\x99z\x8d\x95\
\xb5\xb4\xb5\xb5UDd\xb4\xdf\xe7\xfc\xa7\xd03e\x15\
999b\x97\xab4IDz\xb2\xb1\xc4\x8d\xab\x12\
S[\xf3m\xd7\xed,\x9d\xd8\xa5%\xfb\xf9\xd3\x91 \
\x83\xcb\x09\x95\x8b\x89cb#\x18 ^$\xe62\x0d\
\x14\xaa\xff\x19\x0f\xf84\xf80j_a\xc2\xb7\xa7v\
\xc3\xd79\xd5*_\xb7\xc8c\xaa\x9f\xe6\x14\x9f\x22\x17\
\xdc\xfc\xaeX\xdc,#\xa0\x17'\xef&V/\x1d\x5c\
,\xb5\x9f<d\xd0\xce0\x12c\xaeoe\x99YA\
\xfe\x0d[P1\x12\xcf\xe1\x92`N\xea\x94\xf5\x9c\xcd\
\xdd\x99\xeb\xcc\x19\x16\xefL\xae.~*\x82\xd3p\x15\
\x03&?\xd5\xf3q\x9d/\x92jOd\xca\xf6\x9c~\
\x9d\x0d;\xf8\xdauy\xd4\xb4\xd1t\xb9\xd5t\xfe\xca\
\xea\xdd\xd3Xu5\x22\x1by\x92\x98\x91\xb9\x9b\xc8\xb0\
\x1f\x17\xbf\xfb\xfe\xb5T]\x18\xd9\xda\xe9O\xb3\xf3\x17\
c!%\x9ba8\xd1\xbb\x9f\x17\x94\x18o\xc8v\x1f\
?\xf4q\xbfU\x17nWi\xc2\xa3M\x7f\xbf\xc9V\
\xbf\xd2\x84\xbc\x5c(\x83\xd8`\xb2\xaf\x87\xee\xb4\x9c\xc4\
\xb1{\x8e\x09\x16\x07G\xd57v<+\xb9\xd8qR\
<\x9e\xf5\x0b\xe12p\x00\x11;\xa1\x14\xd7%>^\
\xceg\x19\xda\xd7\xd7\xb73\xdb\xfe\xc2q8\xdbX\xbf\
A\xae~O\x8bn\xfe;\x7f\xe4\xdf\xe2c_\xfc\x9d\
\x9c\x1e\x11\xa6\xd3\x1e\xec\xe4o\xce\xaf\x1b\xb3\x0a\x9d\x22\
\x99\xd0\xf9\x85\x8d\xbd\xe3\xd89\xd3\xc1\xdbO\xc9\xd7\x1a\
\x92\xd2\xf9\xc9\xd5\xe0\x08$r\xa8#`\x1b\x98\x0a\xc8\
\xcb\xcf\x7f\xf4\xf8q\x0c\xb1\xbb\x09\x08\x08lnn\xa2\
\x88t%\x84K\x87\xa8P\x10U\x142\xd59\x0f\xc3\
\xa6r*lnm\x95\x19\x09-\x12\x94\x7f\xdc\xb9\xfd\
$[\xe5\xe2;\xe1'a\xff\x8f-[p\xfd^%\
\x83]\xae\xf8uA&\xa5\xce\xe5\xca\xeb\x1aZ\xdc\xb3\
-o5\x8aC<e\x8d\xd8\xaf\xd5\xa4\xde\x9a\x0d\x9c\
\xf1\xf8w%\x90\x15o\x8c\xcf\xcd\xe9\xb3\xc6M\x9e\xe4\
\xb0>\x01\xad\x0e]n7\x02S]\x0b4\xe7\xd4\xcd\
/i:S08p$\xb0\x03\xf3?\x09M[\xbf\
0M\x11\xe8/D\x87\xf0ND\x12\xd0\x7f\xe5q?\
?\xce!\xf9\x04\x80\x10\x93m\xf4MH\xaf\xfcn{\
\xe5}\xa1[l\xf1\xe4\xaa\xc5\xc1\x13\x1eo(\xa7\x9c\
\xb7_?(\xbcc\xbf1\x89\xe4[\x87~\xa1\xdbS\
U\xd4T\xbc\x9f\xa8\xa5\xf5\xf7\x5c=)aPg\x0f\
_\xdf\xc4\x19\xfcg\x92\xb2\xa9a<c\xda\x86\xd7\xd0\
u\x7fF\xffb$\x16\xe0yF\xc9\x80H\x945\x88\
&J\xfa\xce\xe6\xf4\xbe\x9aZ\x04\xceKf<w\xec\
\xf1\x06\xfeO\x1d\x03\xfa\xa9 \xed\x1eZ-F\xd0Y\
P\x86\x1ca\x10\xfb\x0f\x07E\xe9\xcc\x9e\x84\xbf\x1f\x89\
g\x00\xde\xf5\x0c\x0d@\x92M\xed\xc1\xe9|D,]\
i\xcc\x01\xec{R\x1d\x0b\x16a\x90HD\x22AF\
[\x12\x00\xd8\xff\x91\xb8\xea\x0aU.\xb0\x9a(\xf5\xb5\
\x08 s*\xea$\x88\xe1\xd1\xa0|\xe7\xe7&\xe5r\
\x92\xa0\xa1\x17\xbf.N\xe1F\x0d\x07\xc59\x0e\xc4\x9e\
\x03b@+\xd6\x06\x80hL\xed@\x80\xdb\xf9\x80\x05\
\x8a([\xaa\x10=\x88y*\xd1\xebD\xa3\xba\x92\xfc\
O\x90`z\xdd\xf2'\x9e\x98\xda\xaez\x071%=\
`_\x13\x1d\x85\xbe\x95j40\xf7\x9f\xc7\xf7\xf9\x87\
\x08\xf7\x5c!\xad\xc3e\xcf\xa9Y%\xfa\x989\xb2\xfe\
\xdfy\xe7G\xe2q\x92\xb4D\xa7'\xec\xe4\xab\xce^\
3BQ%\xec7\xbehy\x83\xf8\xa7\xdd\xfd\xfd\xd6\
=\xd5\xf7\x9c\x988\x1f\xcb\x06\xcat\xbez\xe5\x03o\
\x99\xa5\xea\xe5\x16\xda\xb4\xe5\xb0O\xaa\xdb&T\x0e\xd7\
\xbf\x80\x87\x0a,\xaf\xce\x91\x930\x043\x91\xbev\xd5\
\xc6B\xb8>t\x00\x03`\x07p\xba\xac\x0c%\x16\x1c\
\x94\x0c\x1b\x84r;\xad7\xae\x16\x05\x85'W\x12\xfd\
4\xff\x1dZ\x8an\xdfN\x86\x0d@\xb9\xbd\xac_\xb0\
\x94\xe6\x9cU\x92\xc4\x9fU_\x93\xb2\x84\xff\x93`\x01\
\x88\xd6,,sGY\xb9\x0c=\x02R&\x1e\x11\x05\
\xfd\xb7\xf6\xe1W\xed\x02\xa3-\xed\xc3h\x85\x9e\xa8S\
\xe6dS\xd4\xbf\xbb\xa1\xfe\xecG\x07\xa0\x13\xec\xd3\xad\
\x99J\xc4\xffm\x8eF\xd2\xd5\x90\xfe\xc8D\x05F\x10\
\xf7\xdan\x14\xe6I\xda7Yq\xd7L\xac\xaa\xd0m\
\xd2\xd9\xa7\x90u\xe7\x0ab\x910b\x0cM\xdd\xfe\xe3\
\x89zP\xfd\xbb'\x0a\x0el\xc3\xc1~0\xb6\xea^\
\xbd\x8f]D\x17\x9f\xd5\xe0\xe8\x97\x94\x111k$\xd2\
\x06\xd1\x16\x80\x9c\xef\xa1\xc4\xdb\xaf]\x0eMC\x0d\xe8\
\xa77@\xe4\xf0I\xde\x13\xb2\xe4\xf3\xb5\xb7]\x91\x8d\
\xe31\xb9\xb0t>\xdeR\x99\x83\xd9\xea\xee\x95\xbf\xa0\
\xe6k\xb2\xf4(\x0d\xcc@\x171\x18\x09\x22\xe2\xb6\x12\
\xdc\x9a\xdb\x9eu\x04\xack\x03%\xaa\x90\x84h\xa1\x8f\
x\xc7\xd1=\x9b)\x18t\x0aO\xa8]\x18+\x1b\x8f\
\x22\x22\x87\x92\x97\xda\xd7\xa4\xab^\x06\x02,\x10R\xef\
zZ\xf6\x011b\xec*n\x83\x9b\xd9\xde\xe5:\xbd\
'G\xdb\x17\xca\xa0\x88)\x10C\xaej\x90\xdc\x15d\
\xf5\x9f6E\xe3\xf3\xc0\x1f\xa7\xa2\xd0\xa0\x88\x07\x0e\xe5\
J\x03\xc2\xff\xe2e\xd9\xca\x81\xcd\xdb>\xaa\x02\x1a\xfa\
80\x03\xc2\xcd\x0a\x1a\x06\x9a>f\xdb`\xb2\x0b\xb2\
?\xd4'\xf9\x00%\xc9\xad\x7f\xf9l\xc0\x18\xe5^V\
\xac\x05\x9a\x82m:\x8f\xd5\xa9\xaa\x05\x84\x1e\xf6\xb8\x8f\
\x12\x9c\xd8\xf5\xe3\x02@\xbe\xea\x9a5\x9aL\xbd\x08\xeb\
F\xe7\xf2\xb8\xad0\xeb\x84\x16\xf2\xf7\x92\x12\x02\x80\x1c\
}\x1c\x0fV\x84\xee\xb7\xcb\xd8\x03h\xdbC\xa0\x80\xe6\
\xf1\x97$rU\xdb/\xc5\xd0\xefd\xa4\xa8,\xb0\xf8\
\x00\xb6\x17\x93\xf2\x82h\x06f\xfc\xaa\x833\xe3w\xb5\
\x86\xd1\xb1\x106\xcf\xac\x13\x14\x8f\x00!\xd6\x89\xf1b\
\x91)\x0f\x93\x19\xab\x11\x07\xda\xfcf\x93\x02 \xc9!\
\xff\xc0\xfc\xa0\x9el\x9a0\xf4\x19)\xe8\xeb\xc7\xe1\xbf\
^\xff\xce\x18\x12\xef\x87m28g\x92\xa7\xbb\xcfC\
\xcd\x0e\xcetgm\xee\xc9\xf7\xd8\x9c\x8e|\xf7R\xb5\
<\x8e\x18\x0e\xee\xe5*pR\xf3\xf5\x87\xba\x0e\xa3\x1a\
@\xc3G1\xc0\xe1\xba\x1e\xc0\x9c\xebp\xd5'\x07\xb4\
\xe6\xa1\x0b0\xe6\xd4\x97:/\xd9\xc8\x9d\xc5U\x1dh\
&aC\x10\x90\x00\xb0d\x12\xb3D\x92w%\xd5y\
\xed\x01\xcf\x9b\x07\xa3\x7f[\xae\x5c\xe6\x80>{p3\
\x9a\x83@hX\x22o.\xf4\x8cI!\x1bf\x17\x03\
<\xc8\x1e\xac\xb4p6e\x07\x04w\x88\x0fd\x0c@\
Q/ke\xbe\xfc\xf89\xb7\xe0\xd5\x0c\x9cX\xf8\x8e\
M\xe9\x19\x22_7\xa2\x9f\xff\xdb\x1b\xfc\xa3\xfc\xcfu\
\xd9\x9b\xe8S\xbb\x9b\xc3\xe8m\xf8\xed\xc7|\x90\x04\xec\
^\xa4\xb4(\xaa\xd6\x81\xb8\x5c!\xfc\x83\xe47\x8fu\
\xc6\x5c\x1e\x8b:\x10\x16\xa3\x8f=\x0af\x1c\xba\xcbC\
\xd5\x07Ea\x90\x97=\xef\x14F{:\x09\x81\xbc\xee\
#\x03\x1bD\x80*\xabj\x9bm\x8cy\x86\x05\xa0\xd7\
\xfe\xf4\x9a.\x0b\x03\x1a&\xc0~\xc9\xcel\xff\x8a\xcc\
\xf6?IqU\xe1\x04o\x987\xe4\xc7\xd2\xc2\xdd\xc7\
<\xd2\xccL\x02\x00\xa5\xf6\x1f\xcf.IQ\xca\x80\xe3\
\xa6\xec$\xb8mJ\xf3g_\xe85\x14\xb8\x99\x9b#\
\xf2*Ph\x85\xcd\x1e \xdb~=\xd06\x06\x86?\
\x91\x04I\x08\x04\x8c\xa8~\xb6\xb8H\xbe\x91H\x8eU\
7.z^\xf2\xad(d%\xd4\x0f\x8e\xaec\xc2\x8b\
(\xde\xe7\x9e~\xcd\xa3\xcbA\xd4YZ\xce\xb9q~\
P\x93\x7f5\x03\xdfH\x19}\xe9\xcf\xdb\x05\xb7w\x0b\
\xbd\xdf\x14\xc8\x80\xb9A\x0cy\xb4\xdc\xde\xd5[S1\
\x10\x98B\xb970\xa6\xde\xcf\xf5\xfc\xc7k\xf2\xa5\xca\
\xcagV)mf\x81G\xd2\xd9\xd7\x89\x86a\xa9\x0c\
\xcf\xf7\xbf0,l\x92\xab:=\x82y\xc7\xb6\xbd\xfc\
\x90\xa7\x9byM\x97\xaa\x80\xba\x0d\xfe\x9dm\xba_H\
\x82\xfee\xba_\x8a\xe2l>f\x94\xc1\xden$@\
\xd2\xf7\xa3\x18\x9a\xc4w\x192\xe3j\x18\x03\x9f\xce\x0f\
\x00\xedK_9\xd1\xdc\xb1\xbd\x9b\xff\xc94\xffx\xfc\
\xd6>\x16\x8a\xe2\xf1\xd6j\x97\xd8&49G\x0d\xd0\
\x8aS\xec\xf9\x82\xef\xf3\xa2i\x05\x95\xdbdp|\x8e\
b\x88I\x983\xbf\x88\xf9\x81\x9dw\xcb\xc9\xd4\x98b\
\xd96\xc4\x0a\xf35X>*\x9f\x0f%\xfcM\x8c\xc5\
aX\xf2\xefKQU\x138L[\x81n.u\xd3\
q7d\x22S\x17\xfe\xde\xfa\x06\x93\xa6\xf1\xd7-\x0f\
\xb1kz\x00[b\xba\x8c4\x09\xfc=\xf3\xb8\xa3\xfe\
\xd8\xa6S\xb6\x9a\xa6\x04]\x05\xfb\xf8\xefqt\x0bm\
\x01\x99\x18\x13\x11\x81\x9d\xd6\x12'\xad\xd3\x88\x14\xf9\xf9\
\xb1\xc4Ms\x0cVx\xeew\xfb\x06\xdc>\x89l[\
3\xc3\xa2\x0f\xf3c\x01\xf5\xe6\xf6:\xc4YqX\xcd\
\x0e\xda\xe0\xb0\x8eF\x1dxS\xe3)\xf0\x7f\xe1RO\
\x1e|\xfc\xd6k\x10Tt\x8d\xb01l-\xf5\xa00\
\xef\x15\x15 Q\xdd\xb2}eC\xa6\x81\xc5AH\x85\
7\xff\xa8\xd2\x01\x86\xff\x96A\x8e?\x15\xb8F;S\
\xefF7\x8b\xab\xf2\xdd\xf3I\xe1\xa2\x86\xdb$m\x9a\
'<\xd5\x1f\xdb(i\x82\xe6E\xef\xa7\xd1\x85\x93\x97\
y\xdc\xa3\xa8E\x0a\x0a \xfeJ\xe4\xac\x87k\xa6\x90\
\x10\x09\xa5\xd6\x80\xf2S\xe1\xe0\xdaV \xe3:<\x9b\
\xa7\x8b\x91\xf5K\xa7\xa7S)u\xb0\x5c\xaf\x82ui\
\x06#\xde\xc4\xa9\xff\xc4\x92\xe0qw\x98\x88\xf52\x19\
%WE\xacc\x1aa\xb6/V\xbe\xf4\xf8\x09sb\
\xdd\xd4\x22i\x0f\xe9\xcd\xc0\x8acfd\x14\x92\xbc\x9f\
OR\xac\xf6\x95;\xee\x16I\x12\x87\xed\x15Y\xcf\x0f\
\xc7\x0c\xb3\xc1\x1dQ\xce\xa4\xbd\x12hO\xd2\xa3\xd9?\
o~\xeb\xca\xe2ok.Dm\x1e\x18\xa9\xab\xdc\xbb\
G\x1f9\x89\x93\xb6$%r\xe2\x0c~e\xa1\x84j\
p\x03\xf8Bf\xaaz\xe4}I\xa4x%\xcb\x89\xe9\
\xe2\x02\x8f\xbb\x01\x83\x04\xfc\x93\x09Y=:\xe7\xd6e\
\xcb\xc6ZxM\x8a\xbc}9\x10\xa0\xa9i\x83~\xa5\
S\xd3{\x7f\xd1\x92yA\x92\x19u\x0d\x1f\x8a\x96(\
\xe3\xba\x9f%\x88\xf9~\x0a\xcb\xf7\xe1\x9f@\xda\x11\xc7\
_\x96\x080\xe7\x1d@\xcd\xbf=\xe1\xb2\xa3M\x8b\xce\
\x98\xd9\x82\x8e\xee\x0f\xc3\xb8,\x18G\xf26\xfd\xc9p\
~\x0dZh\xe5\xea\xa9\xf6\xbc\xd6l\x0dD\x008R\
\x87Uu`\x7f\x02V\xe8m\xee\xe3\x90+\x96(\xa0\
\x0f\xcb\x8e\x8eL\xcb\xb1\xbd\xbb\x05\x0bN\xect\x85\x0e\
\xa8D\x90\xafp\xc9\xf2<\xfc\xf2\xbf\x89*\xcd+P\
\xf7O0yB \xef\x99\xab\xe6\x94\xf4\xde\xf4U{\
\xa6\xbdf$\xc3\xb8\xcaG\xdd\xb7\x0c!\xcb\x93\xcc\x0d\
w\x15\x1c{\x16\x1ef\x8a\xbd\xbdt\x99\x90\xbcL\xfc\
*\xbe\x16\xf4\x92:Aq\xec\x08\xeb\xf6p6\xe8\xaa\
\x9d\x0a\xec\x05\x0a\xa3`\xc3\xec\xc4T@3`\x8a\x8e\
\x83\xa0\xcd\x10\x82i\xc8\xd4\x0f$\xe9\x17p\x9b\xaa\x19\
\xcc\x83a\x8cbdeT\xd4{8\x02\xa6\x8fxk\
7\xfa\x9am\xe9\x15Y$\xf4\xcc$}\xcdW\xbd:\
\x0d\x93P&\xa2\x17\xb6\xbf\xdce\x98\xe8C\x93\xab{\
\x0c\xce=Y\x15\x00>\xbf\xf0\x88\xe14\x96\x19\x9d\x8f\
\xf7n\xb9\xb2\x9f?r\xfb>J\xb2K\xe2\x09\xda5\
Zm\xde\xa8\xfc\xe1\xd3k\xe1\xb5s\xf9\xde\xe6\x9f\x1e\
\xc8$\xac\x0d\x15\xa3\xaeE\xa5.\x88\x17Xt}S\
\xf9\xe5\xaa\xdd\x1f\x22\xcbm\x0dm\xa0;L\xd2^V\
\xf9MH\xb4\xddLM\x89\x1d\x14C\x1f<^6-\
\xa8\xf2\x0a\xae\x1b\x86_\xbb\xba\x99\xdec\xbev+\xfb\
\xee\x94\x08\xdd\x92\xc5\x98\x17\xd8\x0e\xd4N\xfa\x8d|\xb1\
\xa2\xbe\x8e\x10\xf4\x95\xde\xf9\xbe\x1e0\x12\x9dh\xe8\xe5\
\xdf\x17\xf1\x8c\xfdP\xb7\x8d\xed\xc4*\xfdA\xeb\x1b\xe6\
\x19\x93E\xc4f4V\x16\xe3\xb5W\xa3<2\xb9\xf3\
:C\xce&j!D\x00w\xc6\xe6\x87\x00!\xb5\x04\
\x94[%)\x0b\x82\xec[*\xe6\x81\xcf\x91\xd0y\xd0\
\xe1\x86MO\xa1\x10\xb8\x13\xdeM=\x0b;O\xe0\x9e\
7\x0c\xa0\xc1\x0c\x8a\x1d\xab\x1e\xcf\xe8\x91\xe5\xc3\x0e@\
\x85\x12\xc5\xea\x22\x1e\xa5S|\xfb\xf2\xa5\x128\x91\xb5\
{\xa4\xde0\xf1\xf6\xa1\xdbc\x0a\xf7\xce;1Z{\
\xac\xf52\x11\xef$\xf7\xf2\xa8\xfd{\xfe\xfc\xec\xdav\
G1c-\xa4N\xdb\x8fJK\xd9\xd2\x1d\xcf\xe1c\
\xf5F\x97\xec\xde\x90W2\xbb\x91<\x1f\xb1<\x8bj\
\x8bObB1\x17\xe9\xf7\xb1\xd4,#\xcb\x8c\x0fP\
SV\xc5\xc3\x84 1r\xe2\x81\xa2>\x15L\xca\xbd\
P\x81\xdd1\xa2\x86'\x12\xd4\xe6)\xcfA\x9e\xfb\xc9\
\x92\x05\xbc\xcd\xecm\xd4m\xb0Cr\x14G\xc2\x8d\x1f\
\xa7\x1e\xa3\xae\xef\xb6\x18\xfd\xdf\x87\x04\xcd\xf7\xd4\xae5\
\x8bc\xdb\xb9U)\x8aY\x98\xcc\xd6\xa8K\x9b O\
\xf7\x1b\xef\xbf\xf8\x06r'\x89 \x0d&\xc7\x9b/.\
h\xfa\xcb*;\xbaK\xbe\xae\xc2\x8a\xa1'\x10!\x13\
\x1d\xbf\x18T0H\x00\x9ei\x07\xbdd\x0b\xbe\xf6\xe4\
\xac\x84\x1c\xc6\x8bR\xc1\xb3\xe2\x99\x16\xb7\xc9\xb401\
\x96\xb732\x97.>c~8\xbdwh%\x13'\
V\xe2\x90\xdc\xae\x90?;,u~\x8bs+$\x8b\
*K\xeb\xc3\x05\xbf#\xff\x0a\x19\x81\x8b\xc1\x81\xe0x\
\x8c\xd3\xebA%l+\x96N3\x09\xb9\xcd\xed\xe8\xe9\
l\xcf$G\xc8-o\x94\xfd\xf3\x89\x10$+#\x00\
H\xe5v\xad\x95\xfd\x94\xa8\xb0\xf5\xb8o\xbdLH\xa0\
Y\x12\xe8?'o\x16\xc6\x9d\x89?b\xcc\x05\xd3\x80\
\x07}x\xbd\xc9\x90\x14\x1c@q_bo\x04\x8a1\
\xc1H;1:\xf3\xed\xebbIa\xedv\xea_\xba\
N\x0d\x9aS^\xb8\xaf\x04\xe4j*9\x808=m\
\xa7\xe6\xaa\xca9\xd2\x09\xe3z\x08r\x1f\xfc\xbaw\x95\
\xe2>S\xa3B\xe7\x0d\x9d\x8em%\xfb\xbb\xac\xb9\xe8\
\xfd7\x18\x8a|\xb6\xc9o.\xaaV\x99\xfd\xbd\x99\xbe\
\xca\xdf@}\xab\xe4\xd2j\xfd\xe3\x8d/\x95\xdb)\xba\
Z\xac\xf9w\x81*\xe5\x1e\x01\x9c\x08\xdc\x98\x9b;\xd0\
\xd0D1]\xbc\x90o\x9bm\xf1\xa8\xa6\x8b\x8a\x85\xd2\
K\x8c\xca\x5c\xd7\x9e\xb6,m\xa5\x83j\x14\xc4\xd7f\
\x1cGn\xfd\xee\x91bh\xa1\x7f\x9a|\x22\xdc\xf4@\
\xa2-\x5c\xb8V\xcf\xb9nx\xbdg'6\xacJ\xca\
\xbf\xdb\xc7N|a;\xc2\x0f\x92w\xf6\xee\xc0\xf9\xbb\
\xa3o\x91V\xcerbM\x1c\xf6\x0e6\xab\xe6\x9c\xc4\
3\xe2J'\xfbnr\xa4\xd4-\xd9p\x9f\xa8my\
\x0eh*(\x94N\xe9\xb9\x12W\x7f\x80\xa0N[n\
\xcc\xa7\x9d\x0b\x97\xbfyt1\x0c\xaaeyR<e\
\xa5\x9c\x8cE\xeb\x12\x8cN\xcd\xea\xeb\xdfN\xadR\xe8\
\x12\xd7\xd9I\xdcW\x0ai\xf4\x94\xb4\xf1\xfd|\x9c\xea\
m\x1ck\x01\xd8m8\xe7\x88\xeb\x0f\xe9\xc9o\xf4\x15\
\xf9Y\xa5:\x00\xd5\xa2z\x93\x93<\x95\x93\xa7\xe8\x88\
\xce\xb4\xa1>U \xf79G0\x07Rd\x93\xd5\x88\
\xbcV\x8f\xff\xc4Qmt\x07Y3\xd5\xe4\x92\xd1\xfe\
b#\xc0\xd80\xdc\xfedV\xd9\xbb1\xef1\x038\
\x06\xce\x03\xed`\xde|x\x82m\xe6\x95\x05z\xe2\x0a\
fz8:\xb7%\x02\x1f\xb9\x96\x19\x0d$~`5\
\x80\x16\x83\x06\xa0sI\xad\x1c4\xcb\x9a\xe51\xdbO\
3\xb7\x1f\xa6As5\x13]\xca\xef\xf93\x97 5\
Pf\x1b\xec\x7f\xed\xbc+\x0dfnU{*\xf5\xe5\
\xba\xff\xd0\x8d\x18\xf02N\x88\x06\xc6\xeb\x82\xaa \xe3\
\x08B\x04\xedT\x13\x0d\xda\xa0\x94\x93\xe5A\x0fG%\
)\x92\x80Y\xa2,\x07\xaca\xd6\xa9\xbaq\xbf\xed\xc6\
\xe6\x93\x9f8QL)%\xb4\xfe!\x9b\xc2k\xbd\xf6\
%C\x1a\x0f\xe2DA\xa4t:?\xbb\x05\xd1:\x7f\
\xe7$\x0d\x82y\xcd\x0a\xefe\xcd\x88\xf83\x1azZ\
C\xb4\x167?\xf9\x8d\xc8G\x1e`C\xcc]\xb3\x81\
\xc2\x96\x0f%\x87.\xb1H\xa1\xc7\x89\x88\x19\xef\xa0\xed\
\xbavf\x93\x02\xb6\x19P\x83f\xa5\x12aAg\x96\
\xb5#\xde\xcd\x99e\x89\xed\x92\xdb\x00Z\xa7>6\xd0\
+7w\xbeC(h\xb2z,&m\xeeS\xe3\x94\
\xc3= s\xb6\xe5 GH\xe5\xfby\xcc1\x90\x88\
\x95\x5cD\x96\xad\xfct{\x81E\x8a0\xecp\x15/\
\x96\xb5\xb2\xbfDZ\xa9\xe52\xa3k%h\xf47\xc2\
Tb?\xd9be\x86\x5c\x7f\x7f\x949\xe11\x8b\xf3\
^\xdfg\xb3.\xff\xfbz\xe3\xfdO'\x0dk\x8d\xc6\
\x8e\xe3\x8e\xd6\xd1\x077\xd1\xdd\xeeWE\x01\x8a\x8bq\
-\xac\xb9\x1f-\xc0\x0e\xdf5\xed)\x04I\xb4^\xbf\
&\x9dNq\x0e\xb8\xe7\xcf!\xc8\xcb\xf0\xe5H\xa0\xb0\
\x97\x17w\x9e\x12}\xd0-nj\xc7\xe6k\xa5\x13\xf0\
L4\xf9\xb0\xef\xf3s\x83\xd9\x22\x05\xac\xcc\xaa\x1a\x8a\
i\xe4\xf4\x1biC\xff\x5c?\xe1\xf5\xb7\xa2\x8b\xa6_\
5\x9d\x08\xa9_\x08\xf1Lm\xeb\x9c%\xb8\x01\x15\xcd\
R\x18\x8b!\xc8p\x05\x5c\xadS\x93\x99\x10Mo\xef\
\x98\xca\xfd\xa5gbdJAm\x08\xaa\xea\x86\xd3c\
\xfc\xc8\x0e\xb5\xa5r\xef\x93\xd9\x8d(\xfc9\x1fO\xf9\
\xcc\x22\x95\x01\xd2\x87`f\xee\x97\x13\x0d2\xfd\x8f\xca\
:\x84\x22\xf8V+\xfd#\xee%\x18\xfd\x01C\xd1\xc6\
\x8a\xcc\xe3-\xdd\xfa\xf5sC\x12\xcc\xc2@l\x97\xe7\
\x80\xcc\xdf\xca\xcc\xf5\xcf\x08f\xca\x1f/G\xb6\xc2\x9e\
m\x15>\x13l\xdd\x87\x16\xcb>[\x80\xec\x09\x1dP\
;\x7fm\x06\xaa\xd0\x8d\xf6\x8bA\x98w\xe0\x9c\xf2u\
\xb8Tr\x95VUt9}\xa1\x1dJBFm\x1a\
\xa6H\xa1Hs\xe9\x99P=\xc8\xa4$q\x03\xae\xad\
M\xbfp\xd05B]\xea\x05\x99\x87\xbe\x86\xbd\x8e\xbd\
I\xd5\xe7\x1c\x08\xdd\xa8\xa7\xf4\x9e|*\x81W,\x05\
\xcbG1`l\xe0\xb8\x8f\xfa\x9f\xe6\x7f\xb6\xb8\xbb;\
\xb9t\x91\x0aG\x84\x8cA&A\x91\xab\x19\xd6\xcd\xd7\
\xfc\xe6\xaf\xdd\x155\x1e\x08`\xba\xab\xf9F\x9e\x93\xa0\
\x85\xa5\xb5\xc1\xa7\xe0-3\xdf%l\x92\x88\xad\xfe@\
X\xa6l\x8d\x85Kx\x1e\xee\xb2-:\x92\xcd@\x14\
\xdf\x83\xb3d\xf9\x1a\x06\xd9z\xec\xdf\xc8\xdb\xdf\x7f\x8a\
\x09\x00\x11\xa9\xc2;{I\x5c\x5cKf\x02\xc6\x01\x84\
\xd7\xb1\x9e~e\xcf\xfa\xcaPFkE|1\x12\x96\
\x10Av2\x8a}\xfa\x85\x02\x91|\xbf\x8aM\x16\x8f\
\xc4\xf3\x98y\xd2z\xff\xceW\xa0\xbb\xf0\x9b\x15C\xf6\
!,\x93\x18e\xe9\xbd\xa1m\xecY\xa3\x90c>y\
\xfa\xc5J\x82Q;\x13\xab\xea\x89F\xf6\xeeY`\xdc\
\xb8kE\x9b\xc2\xa5\xa9\x90\x0a4\x82\xea\x9cq\x5cK\
\xfb=\xbd\xaa\xaa\x88\xb0\xf2\xe8\xcb0\xfa\xa9\x93\x05\xee\
\xcd\xfd.7O\xd6\x81\x10\x06\xe1[\xa9\x05\x5cxn\
<\xd0\x9b\x06\x0f\xcc0\x01U9Q\x93,\x0b\xd7e\
$Xu\xfc.\xf1a\x88htZ\xba\xb5\xc7\x1ag\
\xcc%\xd2\x16\x06V\x80\x86S\x9d\xf0x\x1fg\x06\xee\
\xfeN_\xde\x09Q5\x07\x01u\x94\xb7\x07\xb0\x86\x18\
\xdaE\x01\xe0}\x8c\xf5\x84\x1f[\x9c\x0fs\x05\xb2\xe9\
\x92\xcc\x13<6\x8aV\xc0\x10\x8cS\x01\xff\xcf\x8c\xd7\
\x85\x07\x1f~\xb8u\x0dR\xba\xf2@\x0b\x9d\xf7\xd3K\
\xd3~\xf3a^\xb4\xe8n\x7f\xa2*\x8b\xf8\x9d\xec\x9b\
\xe1\x8e\xac_\xb5\xc9\xa7\xe3\x87)\xf1\xdc\xde\x0axS\
\xb3\xaa\xdc\xd6\xbf\x8f\x9e\x0d\xfa\x1a\x8c]\xd6\x97\xb7\x06\
\x22\xac\x00\x9aF@\xa2HsM|v\xee\xea&\x96\
\xf2a[WX\x9c=q\xa6\xb56I\xe7\xc4\x86c\
\x95jv\xa0\x02\xda\xe7\x9b\xfe\x89\x9a\x1b\xbc@\xe5\xcc\
\x03yP\xf0#J\xf7\x10\xb0\xfc3#W\x1c\xe8-\
\xb8'\x99\x92\xf9\xd7\xb3\x03Z\xd6\xb8\xe7\xb4\xa4\xde \
E\x95>\x99\xf3x4$\xa1\x98\xfbh\xf9w\xd0W\
\xed\xdfS\x97\xa2\xe5\xd5\xb3K\x87\x0a\xba\x0b\x0f%\xed\
\x94%is6p\x22\x9a\xf5\xbc\xcd$9gn\xdc\
\xb8r{V\xdd\x98hl\x1f\x16R\xa3\x88\xde\xde\xe6\
B=\x99\x5c\xfe\xa8\x22\x1c\x1bLpK-\xf2\x19l\
\xad(;\xfc:\x7f\xba\xb0&\xc8S\xfb\x0e$\xfb\xc2\
\x99\xb2\x97y\x91\xc2z\xaa\x94K\xb6\x05\xcb\x11\x17g\
lg\x00\x18\x02\x0bZ\xed\x94\xd3\x98\x9c]\x9e\xbd\x15\
\xd3\xf0\xd2\x8b\x1f\x83\xa3\xbf)\xd7\x8b.\x822\xe0f\
7!\xb0\xb0\xec\xf2\x86\x01\x0bp\x01\xfc-E\x07l\
:A\x97\xfeW\x16\x13\xa5\xe8\xed\xe4\x83\xf2\x84\xe1\xad\
\x03\x0d\xf3S\x01<\x16\xb3\xbdp\xf4}\xcb+|\xfa\
B\xb6\xa1\x8d)\xdd\xc9\xbb\x91\xba\xe7\xb3K\xf5U\xf6\
\xee\xc3\x88_A\xa1\xb6\xbf^\x8a\xb0,\x89a\xecQ\
\x94\x9b\x95\xd8J\xa4\xdb\xcb\x94_\x87\x1a}\x08\x03\xc3\
d\xab\x97\x9bj\xe9M\xa0\xe3\x84\xcd\x15\x97\xad\xf6\xc5\
\xa2\x90[\x11\xef\xae\xf6c_\xd9\xf8\xde?\xb8\xd2]\
\x90\x0f@\x95\xea\x11\xa8M$t\x85\xe4c\x18b\x02\
\xb0\x8ed\x0f\x96;(Ek^]C\xb1\xdeM\xd9\
\xe2/\xd22\xee\x86\xceR+R\xf8\xaa\xdb\x94\xcd[\
xy\xf6\xbc\x8c\xa0d.\x0a\xfa6*}\x84\xbfx\
< jK\xb1\xa7\x86\xa7\x89V\x8c\x1a\xc30D\xcb\
\xb4\x05\xfc}\x1b\xdd\xcd\xb8D\xe1~\xd6bof\x8c\
\xa2\x15y\x07\x04\xf1\x9cs\xac\xc1\xbf\x15\x97:j\xaa\
\xb2\xb7\xa5o\x868\x02\x22\x0b\xed\xee\xc5\x0fD\xbf<\
\xbbf\xc2\x8d\xe5\xbb\xa1\xba\x09\xb5I\xd15\x0b\x16n\
\xe6lc\xb6\x9f8\x9d\xfc\x80\xb0D3\xaeI.\xda\
\xa1\x15\x8cB\xb2o\xeb\xfc\x07\xfb\xf4D6\xe5\xed\xf6\
\xe0\x96-\x86\xd23lM!t\xfdjp\xf6h4\
z\x9aoo\x06\x9e\xbd\xc2\x11gU{J\x11\xe73\
\x17\xc736\x22o\xfe\x15\x91\x9fG\xe6\xb4\xb5\x00\x0d\
\x83h\xd3f\x9cxrx\x8dp\xf6\xfc9\xdb\x8b3\
/\xdb}\xd5\x106\xa5\x18\xb5X\xf9\xdf\x22T6c\
\xb1\xdc\x1f\xb8(\xedk\xebW\x9bZ\x8c)\xe5\x9a\x0a\
\xd8\xac\xbc\xfdq:\xfa\xa6\xc1\xa374\x83\x18\x1cP\
\x02>\xbd-)\x88\x97\x13FW\xff\xc9a\x9b\xc2\xd7\
K\x1f\xde\xb6\xba\xfc\xabHI\x18yM\x15\xc6\xbd\xaf\
\x06\xb6\xbe\xe2\x196i(\xf0a\xfe@R\xc8zh\
l%\xd7\x16\xbf\xe5\xda\xd7\xf8\x90\xc2\xcf\xa1\xa5\xb4\x0d\
(V\xc0\xa4\xbd<';\x176bi/\xf9o\xe0\
\xed\x03}\xb1\x87\xb1\xcc_F\xc4#\x9d\x1aY\xc9\xfc\
\xd6E\x91&\xb4\xe7\x15\x1dCjh\xb7E\xe51\xbe\
^\xb8x\xc0O\xeeF\xca\x16N'\x99\x86^\x0b\xb2\
I/D~\x16c0\xcd\x89<\x9e'\xb6:\xe1\xe2\
Y\xd2|\xbd\xcd[\x8f&\xeb\xb6\x01Z9\x99\xdc\xfd\
 \x83\x17\xae\xaa\xb0\xf3U~\xbf{PZAh\xec\
\x8e$4N\xcd\x0ev\xce<R\xd2\x0cn%K^\
\xd7\xf0\xf9\xdd6O\xbb\x7f\x0d\xa5\x02w[\xd6'\xfd\
\xf9\xdf{\xdf[9\xcfd\x16~E\x1eHG\xa0\xa5\
o\x1c\x85\x9b\x98\xf3V\xc5\xea\x0ez\x93\x1e\x10\xc8\xbc\
@\xf3\xc9\xdb\xf2\xb9d\xac_5a'\x14x\x98\xd9\
q\x08\xafv\xc6r\xe3\xd1\xc7\x12/\x9a\x91\xa8\xe7I\
\xc0\x97\xea\xc0\xb5N\xa9\x8d\x9e\x11\xaf\xcc\x93\xcb\x86\xbd\
1w]\xdeg\x9c|\xfe\x06) \x87\x84\xeb$\xf3\
\x89I\x0a\xcd\xbb\xe8q*!q\x99\xa9\x0d\xe3\x10f\
\x1em\xa6@\x5c\x5c\xc06\xb4+\xf3\xad]\xe1\xe7W\
\xbe\xfa\x0e\xa0\xc2-n\xb3\xee\xed\x98\xa5UT\xc2\x97\
\xf81I\x98\x8e&OH\xfe\xc7N\x98Q\x8cJ\xff\
\x1d^\xb6\xbb\xf3\x85@w\xc2>\xdc\xc8'(\xd4\xfe\
\xe2\xac\xab~\xcd\x99\x0d\x84dZ\x125x\x95\x9a\x85\
\x0b\xf8^\xfc\xb1\xf8[\xe3\xa8\xf1\xf3\xd1\x958\x96\x85\
Tv5Dr\xd7=\x0cA\xad;\x0eaY`V\
\x1d\xd3$\xb4n#\x8b\xa2#\xc3\xfe&k\x1259\
\x8d\x08\xbd\xfd\xa6\xc6\x88\x8e{\x0e\xb2\xefSJ;.\
\xbb\xc8\x11\x1d\xd7\x82\xaf\xd9!\xedN\xd0\x1d\xcb\xeb\xff\
J\xb9\x14\xf0u\xfc\xc4\xfe9%\xa0z\xb2O\x9f\xc5\
\xf5\xd8\x94\x92\x1f\x96\xc5(1\x97\xf8Y\xcb;\xe5J\
&\xc1\x11y\x9b\x99\xb52y\xd3\x06[\xc4\xbdRZ\
}\xe8\xb5\xf6\xa9\x8c\x05@\xe3\x1do\x88\xa88C$\
\xee|\x87dA\x976\xdaV\xab\x86\xd1\x0fP\xa6\x19\
)\xb1\x9a\xd3\x18\xca\x83\xf0\xaa\xad\xd6\xfb\x01S\xaeR\
\xe3\xf4`\x84\xfe\x16O\xf1v\xf0\x0d\x17K\xf2\xb0\x10\
@\x10<\x87Mj~\x0er\xb0G\x92\x84\x91\x07\x1b\
e\x99A\xcb\x9e\xc1\xa5\x97\x16\xfd\x87\xbf|\xa5\xb5\xbb\
OR\xf8Y\xa0?\x1d{\xc0-\xae\x07^\xe8\xbb\x19\
\xbc\x7fo>@:\x1b\x9a\xb7\x926\x03W\x12\x01'\
\x98\x08}o\x1c\x7fRV)\x86\xc6W2\x95\x85j\
D\x8d\xbc\xde\xf6\x82\xd1%\x5c\xd7XcOh\x84\xce\
\xa7$\xd1!\x92\xef\xb6\xb0\x9c\xdc\x12I+\xcb\x9b\xe9\
!'\x5c\x9a[\xea\x00\x00\x85D-\xfc\xa2y\xb1\xac\
\xbe\x8e\xb4{60=u\xf9U\xdb'\x8dH\xf4\xab\
(w\xe98\xf2Ev\xacM\xc5<\x7f\x04\xd8\x07\xb0\
\xd5Y\xba\x91\xd5\xb5}[\xe2\xa6 \x00\xc4\xb2h\x19\
@\xbb\xbe\xc7Z\x06f\x96\xca\x86d3\x5c:a\xbe\
b\xbd\x1e\x89^\xbfvtc \xefR6Z9\xba\
\xa4\xad \xbd\xc4(\xd88\xec%\xc1\x93\xf5\xe6\x0a$\
Ww\xa9\xff\xf9\x0c\xd9\xa36\x1f\xd6T\xc2b\x0b\xe4\
p\xbbtTn\xb4\x81I4@Xx\xd3`\xac\x00\
C0J\xb4q\xd79\xc8\xbf4\xcf\xef\x89c\xb9\xe7\
\xdfSr\xa1\xf35\xa2\xb1\x91i)\x1c[\xd0\xfcR\
\xad\x5c\x99\x03P\xae\xfbL\xaaJ\xa3o\xe7F\x11\xeb\
\xf6\x82r.H\xc3\xe5\x9386l\xe8\x0dY3\xd7\
!M\x8c\x9b\x8f\x1c\x05\xf5\x8a\xba\xd0\xf2\xe4z'\xf9\
!\x82W\x9c\xfb\xa6G\xafdO\x88s\x08H\xc8\xba\
\x00\xae\xb4\xf8\xa2j\xf1\xf4Y\x15\xff\xf2\x1eg\x0c\xbb\
\xea\xd4\xf2k\xcak\x03\xa7p\x08\xed\xcb}{\xcd\x92\
\xbbw\xc2Ux\x12mF;~\xe2.\xc7z\x95\xd1\
y\x8c\x8d\xda\xf8pU\xc6=&MZy; t\
\xbf\xb1\xa0\xc5\xd9\xe7w\xd7\x12C\xc2\xbc\xe1V\xce\x8b\
i\xbe\x94\xb9\xa2\x1eo\xfd\x03\xd9\x88\x87\xbc`\xe0\xa7\
\xff\xf2\xef\x8f\x15\x19\xc0\xf1\x93\x1b%fb\x03\x8f6\
\x90\xde\x94\xde\x0a\xfd\xa9\xe4\xe7\xb9\xdcC]\x97S\x85\
\x17\xfb\xb3!\xad\x8f\xa1\xdc'\xb1\xd7\x04\xfb\xfb\x9d8\
\x80\xee\xe4\xe1\x89l;\x1df\x07I\xfa\xa5\xec\xcdK\
\x8e\xe6\xb4\x91G29ke\xf8\xf3\xd1\xc7\x9f\xc8\x00\
U|\xaf\xc5\x1fEP7\xe59|H\xe2FR\xcb\
\xb4\xd1\xecY\xb8]\xdf\xcd\x89\xa22=\x89\xafJ\x1b\
lnO\xb33\x81/}\xac#\x14\xc1\xd9!\xa6\x8c\
\xec\x03\xda\x1f\xdbntz\x91>\x81\x1d\x93J\x0cu\
\xban\x8c\x98\xb0\xa0\xa1'\xcax\x08\x918\x8c$/\
\x9b\x84\x853m\x00\xd6\x87\xb2)7\x04\x81\x83\x9aC\
\xa4\xb7hs\x013\xf2\xe5]\x0dm\xef\xa0+\xaf[\
\x1bD^\x88\xbbl\x86\xc2\x00\x03y\x0bab\xdf%\
\xbd\xcd\x8b*d\xeb\x0f\xb8\xd6\x13\xe5\xc7a\x98vp\
sr\x80V\x97\x1b\xbe\x99\xa9r\x0e\x83\xab\x90\xb51\
\x84R\xb51-eaog\xd7 \xd8\x9cV\xe92\
\xbdn\xad\xdcm\xc9eW\x11\xb3\x07\xe5\x0e\x90f2\
\xaeU\xb7\x9d{\xb0\xfbl\xd3\x8a7\xeeq\x94\x8f'\
\xa3\xe7\xe3\xf0\xd2Z\xda\x9b\xc3\x9d\xf2G\xf6\xda\x0b\xbf\
\xa3X\x16\xe5\x81-\x90\x09\xb4\x9d\xe9]B\xf4)8\
9/\x13\x83\x8b\x9a\xa51)\xb3\xab{\xa1\xcb\xac\xa4\
k\x09\xb8\x0a\xb5-\x15\x95H\xa5E\x0f>\xfcV\x81\
\xa5Yt@\x92.\x1e\xae^\xf6{^F\x93c\xad\
u\xda\x1e\xa7\xd2J\xadh\xb2\xeb\xe6k`\xab1\x84\
\x5c\xa9\xdd\x05\x0a\xb1\x10\x10Y\xb1\xca\xb6K\x94)\xc1\
\xca\xfb\xfaB?\xd3\xa4\xe3\xf7\x02\x9fY\xea\xa5$\xa4\
\x96\xcf\xb0\xbd\x01\xf6\xa7P/\xd4\x9b\xc5\x1b\x82\x17\xcd\
\x95\xf2\x16\xf6\x93\xf0fx\xba\x1f\xf6|\xf1\xf4\x95\x8f\
\x17\x02TS\x86\x16D\xacVr\xe8\x95|\x10\xbe\xa2\
\xc4\x98\x87<\xf8:\x14;\x88.\xc0\xc4\x1b\xa5\x90C\
\x1f\xc1\x5c\x8a\x06h'a\xc0k\x06K%zR\x06\
\xd5*t'\x06\x87\xeaFW\x0e\xd1-Rb9\x9d\
\x07\x91\xc5\x8f[/,\xeb\xf7\x88\xe6)\x92Y\xfcE\
+a{@\x84\x83\xc6\xe7-\xa5\x99\x18\x85\xda\xe2\xd0\
Z\xf1\xd5\xbc\xb7\x15ZCPn\xbe\xb6\xa7\x03?\x99\
^\xf7s\x9eJ\xf6\x16\x919\xf2\x87\xce\xe9\x88\xe60\
.\x19\xc7\x8cB\xd2\xa4\xde-D\x06l\x0b\xa3O\x01\
\x83XA\xf4u\xe0\x14\xeci\xf3a\x18\x11\x8f\x12-\
G\xba\xe1ZK\x17\xd4\xf8}E\xcf\xd6m^\x0d<\
b\xc6RE\xd5\xb7\x02XW)C\x05\x11l\x1a]\
wL\xba\xf4\x07\xce\xcf:+\x9fY{s0V\xcf\
\x0f\x915\x05\xbc\xb7\x8f\x7f9K\xea\x01\xeb\xe5\x1d1\
h;\xb0=TV\xec\xe4EW\xbd\xa3t2\xf4\x84\
\xce[\xaa\xd7\xf3{4\x22F\xec[\x939\xbb\xcaC\
\x96E\xfe\xa8z\xd3\xe5\x92'n\xc9\xa1\xe8\x0c\xees\
\xaa\x13\x8a\xa1\x03\xf4|\xd7\xb6\xf3w\xf6pz\x96?\
\xc7\xa6\x99\xd0\xd1\xe8gV\x16uY\xec*\xb90\x84\
\xc4\x07s\x97?CmGEZ\xaa\xdd\xb1\xad`\xcb\
\xae\x07m\xab\xc8\xd5s\xc5}j\x14\x07\x9d,\xd9\xaa\
\xe3\x94Z\x92\x0336\xaf\xa6\xfd\xa2\x18\x0b#\xf5\x00\
\xdf^\xb5\xb9Y.\xae\xb7d\xd2;\x07\xf5%\x03R\
@\x91\x9f\x86\xba,\x80j\xee6\xdf\xf5^\x1a\xf0L\
\x19\x03\xb7\xdd\xa7]f\xad\x83\xbf\x0f-\xda\x17\xe9\xa3\
\x15i|\xa5\x86R\xaf9E\x14\x1f,t\xe4\xc2\xbc\
\xdf*\xd2\x83w\xd4N\x18\xbd\xe9\xf0n\xd3\xaf\x1f%\
e1N\x93\xceF\xf9\xb2\xd7i\xd7\x7f\xc1\xa9<\xd0\
\x03\x0c4\xbc\x1d\xd5\xcf\x0f\xae\xc5\xdf\xbb\x87\x19\x84*\
S6\x80\x1aa\x14!S\x13H'\x01\xf4\x0c\x93\xb2\
\xe0u\xd3\xba[\x1e\xfb\xa4\x0f\xc4_\x0dy1\xa0\xa5\
\xe0\xeei\x89\x91\xbb\xbf\xda\x80\xad\xfb\xb1\xed\xec\xcf\xd5\
J\xb9\xda\xa4q\xf2l\x1b\x9aPE l\xc0t\xce\
\xce\xd89\x89go\xae\xdd\xd65\x17(\x84}\xf8\x9b\
p\xb2\xa4\x07U\xc4\x98\x0d\xa2g\xe8\xc4A\xf7QR\
$,\x94\xe4\xe2]\x1bv\x98\xf8o\xa9#\x15\x08\x99\
;l\xaa\xcd7?wz\xb6\xa3\x0c\xb0\xad\x8f\xcf\xc0\
\xc2`\x0c\xe9E\x07m\xdb\xb5U\x9a\xf4D\x01oW\
\x0b9\xbf\x10\xaa\xa9\x93\x1e\xb5\x8f\x15\x8c\xf5\x0c\xe1\xd9\
\xe2\xba\x13\x07> \xfe\xb4\xb8R\xa6t\xf84X1\
D\xa9\xd7\x0e\x221p\x0e\xfa\xaa\x03\xdeQ?\x15\xc2\
K&\xa4E\xd1\xf2\x18\x91D\xba\xdd\xc0\x9d\xad\xc5\x05\
\x80FH]\xfc\xbe\xe5)\x93+\x1f\x97\x86\xd1?\x07\
\x15\xf2\xe6\x9a\xff\xb0\xae\xc0N\xd4\xcc'\xe0\x85\x15\xef\
&@\x82.E:*\xfe\x85\xc7\xdb\x96?\xedm;\
5(\x8c\xd6\xe4\x0f\xe9<\xf9>\x17\xfaC\xd7\xb6\x93\
\xde\x8b\xaf\xf8\x09Z@\x96\xd77\x86\xbf\x88fo\xaf\
\xc9\xb9\x9d\xa3d#\xd9\x02\xd8HZ\xac\xa2\x12\x14\x0e\
\xbe\x14\xaa{\x07\xb0c\xde\xf1\xfa\xaf\xdb(A\x8c\x8a\
I\x94)\xf7\xe54S\xd3\x05\xb6F\xd8\xa5\x98\xffZ\
\xfe\xcam\x7fz]oA\x8e\x11\x1f>&}gU\
.\xc6\x907\x8c]\xf6\xfb\xe3\xd5a\xe5\x18C\xee0\
\xb6\xc7\xb4\xf9\x22j\x81=\xba\x923\xb2}4}\xb0\
t\xc5\xf9b\x8f\xd3\xf4*\xf8\x18l_\x14\xbb\x00X\
\xb5\xac\x14\xb0\x84\xfa|\xb0\xe4\xe2\x1b\x13\xac-\xcd\x9b\
\x88s\x95\x8e\x8f\xb4\x10\xc6\xc9\xdf\x86\x05bl\xb9?\
\xadp\xeev\xec\xfb\xcca\xa2\x16H\xcf\xe9\xf0\x06\xb3\
\x15<\x0a\x03\x94\xc3\xca\x8b\x02\x8b+\xc1\x97\x0e\x1f}\
\xe4\xab\xff\xac\xd8=\xe9\x8b4\xdfYn\x80|J\xa5\
\xd9\xdc\x8a\xaa\xe5e4K\xb0\xa0\xdd\xdf\xc0\xce`\xd6\
B\xa6\xbc\xc8%\xc1a4'd\xc5\xcaw\xd5u2\
\xe4\xb5^\xc9/\x94D\xd6\xca\x5c\xe6\xfd\xfb9\xcaj\
\xe2\xc8\x8e\xb3H\x02ne\xff\xd3\xb9\xec\xa2\xe3t\xc5\
\xcb\xbb\xa6$4\xe0 \x80\xcbGT\xa9:\xd1\xcf\xa7\
\xdd\xbd\xfb\x92\xd9j\xd7G\xd9\x9d\xb1\xd4v\xe8\x90K\
\x95~L\x0b~\xaa\x82\xd5Y\xd4\xd9y(\x1b\xc5\xc8\
RpJ\x86\xf71\xeb!\xdf\xd1\x90\x06\x81\x02\xc8\x95\
\x1a\xf6J\xd8:\x85\xb6\x9fE\xb1\xb4Q\x1aV\x90\xcd\
\xc6\xe3%\xb0\x0bK\xcb\x90/\xcbu\x5c\x92\x9e\xa0\xb4\
\x19ce\xc89\xd5\xf3\x95`[u\x0e\xa7\x0d\xec\x9a\
\xbf\x94A\x8aMz\x00\x7fH\x1d)\x05,\x81\xd7\xfa\
\x81\xaa\x22\xea\xe6P'|>v\x8d\xa1\x81\xe5\x05\xb6\
\xbcf\x9e*\x0c\x12\xcc\xac\x92\xeb;\xc89\xb50j\
\x12z:Z\xf0\xa5\xb3Q?\xc5\x028\xd2\xfc!\x13\
\xf1\xe3\xcb\x9e\xe6\xb3t}\xb6G\x9c\xbc^\x1f\xd7)\
\xad\xc9\x84\xbd\xa1?\x9a vZ\xab\x11a?\xb52\
\xd594\xac\xd83\x87w[LZ\x06\x22\x99sa\
FN\x19\xd5O\x9f\xb4\x81+\xce\xa6I\xce\xe9\xf1\xd7\
\xe9\xda\x99e\x9d\x9d\x0b\xd9M\xeb: 'lx\xf3\
\xc5\x8d\x0a\x97\x9b\xe9\x91\xa9\x958\xaf\xeb\xa3\x9d\xddI\
`\x064I\xba\xe2\xdc\x0a[\x0f\x19oT\x1d/\xef\
{l\x01Z\xa5/#\xa1\x90\xf2G\xf7\xe5\x05\xd6\x03\
\xfb\xca\x871\xe5$\xa2\xeae1\xa9\xf6\xcd\xc6\xa9\x9e\
i\xb6\xcbv\x14xL5\xc3)\x9b\x8fW*m\x1f\
\x81\xf7\xb4N\x1fS\x9d?r\xf3e\xdcXZH$\
\xb2p\x81\xc5A\xfe\x8f\x22\xad^\xc7\x97\x03\x0c!S\
\x01\xe3\x8f\xc0c\xa8oN\xa1\xad\xd6\x8c\xcbg\xb5j\
\xdeLx\x16\xac\x1b\xc61d\xaaI\xdbxQH<\
t\x94\x05me\xac\x94z\x00\xd2+ \xcc\xc7\xad\x84\
L\xf9\x8d;\x18`c?\xea\xdf\x0d\x81>O\x03k\
`E\x11\x91Xk\x11\xaci\xdb\xda\xb4r\xfc\x16_\
\x82^\xa9\xebJ\x085\x16Z\xfa!\x98=\xf5\x85\xf2\
T\x81\xd2\x1e\xb7\xbe\x83fD\x8c\x94K\xbc\xf7%P\
\x90\xf5\x9b\x15\xb4\x0b\xe9N\xd8\x9aK\xd8\xc9\x0b<4\
\x8f\xff\x0b@\xbb\x8e\x06\x0f\x1a\xddtQ6h\x18\xef\
\xdc\xfb^\xb9\xfa_\xbff\x8d^\xe2h\xf9\xf6\xe3\xb1\
%\x8ba\x10\xdd<\xe8\xbb\xfdo65\x11\xd7N\xc8\
\xb5}\xa9F\xfdR\x94\xf5\xab\x07\x8f\xde\x07\x0c\xee\x13\
\xb7\xfd{\xd3U\x11Jx\x1d\xb0\xa1\x18dL\xb8\xac\
\xc4\xda\x81\xbd\xa0\x1d\x07\x8dv\x06\xc9`Z\x90\x9d\xda\
\x91\xb8\xa2\x17\xa9\xf6\xfad\x89\xc3Q\xa8\x9b\x16Q\xd1\
\xb0\xbd\x0d:v\xe0\xa0\xf4a\xcc\x88\x01\xfeBP;\
\xc3\x90\xefV\xf2\x01\xe9\x1b\xbb\xcd]\x16\xba\x17X?\
\xec\xfb\x9a\xf9\xd4\xa1 cN\x9e\xa2\x16n\xa7'\xfb\
\xa1,)\xab6S\xd9\xfdbh\x98\xc0\xdc\x14N|\
\xa7\x8ei1\xe4O\xcd\xa5<odr\x81\xf4w]\
7\x02\x94~\xb6\xed2\xfc\xe7j\x11\x17\xf7>\xbf\x8b\
\xa5\xdc\xa7Y;?i\x5c\xc7[E\x01@.}\x97\
\xabF\xee\x8d\xf5\x83R\x96\x13X\xcc\x83\xe8.\xe6\x87\
i\xba\x96s:\xea\xa5\xaa\xe4\xd3\xb03\xc7\xcc&P\
Z\xe9\x16o\xd0z>\xa1Ok\xbf\x11\x97\x81\xed\x00\
BLR\x9eP\xf6\xadh\x8e\x07\xc1\x03\x97\xb2_u\
\x80V\xd7\xc8\x0a\x5cR\xec\xd5aw\x8d\xde3\xb5A\
V\xd5P\xb4\xc6\x99z\x5c\x90\xdc\xee\x03v\xcax\x0b\
@\xee\xf9uV\x7f\x96\xb0J\xb0\xfd\xa6\xad\xd8\xc9\xf5\
\xda@ \x07\xc8Yaf\x0f\x89M\xb0\x1ex\xf3P\
\xa2\x8a\x84\x17\xb8a~\x01\x22\x0e\xf1\x1ec\x82{\xef\
\xe9\xb3\xf8)\xb7\xf2\xfc6\xec\xc2\x918\x1d\x09a=\
\xc0\x97_\x09\xe9\xa0\xfd\xc1l.\xc3\x01(\xde(\xf7\
Ol\xa6\x09V\x1e\x91\xf5\xa6\xf6\x96\x19\xcb\x0az?\
\x8a)\x01\x82\xc0\x0b\x0fX~\x04\xc5H\x07\x88z\x0f\
\xd4\xea\xd6\x17/Qs~\xeel\xd4\xa5g@\x0bp\
+)\x9a\x85\xfa\xee\xb06X\x93\xa3\x19)\xd49\x82\
\xf8^SL\x9d\xd8Q\xb9k\xb51>\xd4?8#\
\xfb[\xae\x88.\xf8\xef\xd8\x06\x15\x99\xcf\x7f\x87\xce\xa7\
\x05n\xfb\xea\xd7\xfc\x22\xb1\x08vTH\x82\x9cy\xbf\
\xf1\xd5W\xbf\xd3\xd2\xd2\xfa\xbd\xbd\xedg\xb8\xccJa\
\xafP\x16\xce=\x03\xb7\x8d\xd2U\xe8\x06\xbd\xbb\xb5\x07\
|}\xee\x84\xa2\x0f\xa6j\xa3\x5c\xab\xc7\xf2\x99}v\
\x806\xba\xba\xe4w|2F\xcbzs\xe3:\xd8r\
\x01i\xce\xa7\xfe\x06F(\xc6\x1faP\x1f\x0a\x8f\x88\
\x84o\x18\x04\x99/\x13^\x1d\xc5.\x9e\xdf\xcc.\xfb\
4}0\xe4&8\x0d\x5c\x02\xbc'}\x9c\x89\xd4\x86\
\xfb\xf8\xd0\xfe\xf9\x0fN\xfa{\xa1D\xe3(\xf9\x14\x01\
r6\xf1\x7f\xfc\xf5\x93\xc4}\x86\xb4\x8e\x9f\xb1\xd7\xc5\
g\xbc\x05\xc70~\x8c\xb6\xb1\xc3J\xb9\x83C\x1f\xa4\
j\x22X\x82\xe9_\xde+\xa3x\x9a1jr\xf6w\
\xcdHf\xc5\xec<\xd2E:\xc0\xf0\xd2w\x8b\xe9\xdf\
\xff\x0a\xb4\xef\x18h6\xaa\xa3\xa2\xfe\x1f\xb6SzG\
\
\x00\x00\x01*\
\x89\
PNG\x0d\x0a\x1a\x0a\x00\x00\x00\x0dIHDR\x00\
\x00\x00\x18\x00\x00\x00\x18\x08\x06\x00\x00\x00\xe0w=\xf8\
\x00\x00\x00\x09pHYs\x00\x00\x0b\x13\x00\x00\x0b\x13\
\x01\x00\x9a\x9c\x18\x00\x00\x00\x01sRGB\x00\xae\xce\
\x1c\xe9\x00\x00\x00\x04gAMA\x00\x00\xb1\x8f\x0b\xfc\
a\x05\x00\x00\x00\xbfIDATx\x01\xed\x94\xc1\x0d\
\xc20\x0cE\x9d\xb2@FH6`\x046\xea\x08\x94\
#7\xc6\xe1\x08G\xb6\xc8\x089r\x0b\xdfU#!\
\x8a\xa8]S\xa9\x87>)J\xda\xfa\x7fG\x8eS\xa2\
\x8d\xd5\x11Bh1\x8e\xa4d\xd0\xb5\x9f\xef\x9bo\xc1\
\xce\xb9N\x93\x84c\xa1\xb9`\xe9\xc5\x82\x18c\x91$\
\xd1\xc4\xaa\x85\xb3\xcd%\x06f\xf3_F\x1a\xf3\xddT\
@\xce\xf9\xee\xbd\xef\x0f\x9eg\x8c\x03\xafK)]J\
\xe9D\xff\xa2\xeeZ[\x96\x86\x16f\xb2D\xcc\xd0\xe7\
}Y\xf0x\xab\xe5\xe2\xf2\x91\x15\xeb!\xab\xcd%\xdf\
\xcc\xe6\x9a\x18\xb3P\x9dd\xce\xae\xde4\xa3\xbf\xe9\xa8\
\x8b\xd0\x1d{LW\x5c\xa23\x09\xa9\x97\x11<\xb1~\
\xd0\xc6\xaax\x01\xd3\xd5ekp\xe8\xe5N\x00\x00\x00\
\x00IEND\xaeB`\x82\
\x00\x00\x12\xa9\
\x89\
PNG\x0d\x0a\x1a\x0a\x00\x00\x00\x0dIHDR\x00\
\x00\x01\x0f\x00\x00\x00\xe9\x08\x06\x00\x00\x00:E\xb2\x15\
\x00\x00\x00\x09pHYs\x00\x00\x0b\x12\x00\x00\x0b\x12\
\x01\xd2\xdd~\xfc\x00\x00\x12[IDATx\x9c\xed\
\xdd\x0dp\x1c\xe7]\xc7\xf1}\xeeN\x92-)\xd69\
v\xadHv,9N\xdc8\xb1-9PZpZ\
\xcb\xbc$i\x09S5\x0d\x14(!2\x14\x86\xcc0\
\x13e\x1a\xd2\x19&L\xe5!\x03\xd4\x84\x893\xc3\x10\
BCc\x91\xb6P\xc8\x8b\x0dL\xdf\xa0Djc\xa0\
\xbcIj\xd288ql9\xb1b\x13\xc9\xd2\xd9\xba\
\x93\xf5r\xb7\xcc\xb3\xdas\xce\xb2\xa4{\xdd\xdd\xff\xee\
~?3;\x9aT\xe7\xe9s+\xddO\xff\xe7u\x95\
i\x9a\x06\x00\x14+\xc6\x1ds\xdf\xfe\xfd\xfb\x0f65\
5\xdd\xa1\x94j\x9c\x9b\x9b3fgg\x8dt:m\
}\xd5\xff\xbd\xf0r\xeb\xfb\x99L\xc6X\xb3f\x8d\xb1\
n\xdd\xbaK\xf7$\x95J=\x97L&?{\xec\xd8\
\xb1\xe1\xf0\xfc\x84P\x08*\x0f\x97=\xf9\xe4\x93\xdf\xbc\
\xf3\xce;o\xd7\x1f\xd8\x99\x99\x19C\xcaW\x1d\x22\x1b\
6l0\x1a\x1b\x1b\xaf\xb8!\xe3\xe3\xe3\xc7\xce\x9e=\
{\x1b\x01\x82\x5c\x11\xee\x86{\x9ex\xe2\x89g\xef\xba\
\xeb\xae\xdb%\xb6m\xed\xda\xb5\x8b\x06\x87\xb6z\xf5\xea\
-\x0d\x0d\x0d_q\xbdQ\x10\x8d\xf0p\xc9\xa3\x8f>\
\xfa\xb1]\xbbv}Rb\xdbjjj\x8c\xe6\xe6\xe6\
e_\xb3v\xed\xda]\xdb\xb7o\x7f\xc0\xb5FA<\
\xc2\xc3%\xcd\xcd\xcd\xbf\xbbq\xe3F\x91m\x8b\xc7\xe3\
FUU\xd5\xb2\xaf\xd1\xdf\xaf\xaf\xaf\xff\x9ck\x8d\x82\
x\x84\x87\x0b\x1ez\xe8\xa1[w\xee\xdc\xb9Kb\xdb\
\x94R\xd6 i!\xe2\xf1x\xe3\xd6\xad[?\xe3u\
\x9b!\x03\xe1\xe1\x82M\x9b6}\xa6\xa5\xa5Ed\xdb\
V\xae\x5c\x99\xb7\xea\xc8\xd2\xaf\xab\xad\xad\xbd\xdb\x8dv\
A>\xc2\xc3\x05\xeb\xd7\xaf\xbfUj\xdbjkk\x8b\
z}MM\x8d\xd8\xf7\x02w\x11\x1e\x0e{\xf8\xe1\x87\
[\x9a\x9b\x9b7Kl\x9b^\xd7\xa1\xc7;\x8a\xd1\xd0\
\xd0P\xb7y\xf3\xe6Oy\xddvx\x8f\xf0p\xde=\
mmm\x22\x1b\x16\x8b\xc5\x0a\xee\xb2d\xd9]\x97\x0f\
;\xd9.\xf8\x03\xe1\xe1\xb0\x8d\x1b7^/\xb5m\xc5\
\x06GVuu\xb5\xd8\xf7\x04\xf7\x10\x1e\x0e[\xb3f\
\x8d\xd8\x0fZ4\x1a-\xf5\xdf]S\xf1\xc6\xc0w\x08\
\x0f\x87UUU\xd5\x0bn[I\xff.\x16\x8bQy\
\x80\xf0pZ]]\x9d\xd8\x0fZ$R\xda\x8f_)\
UW\xf1\xc6\xc0w\x08\x0f\x87E\xa3Q>h\x08$\
\xc2\x03@I\x08\x0f\x14M\x8f\x95(\xa5\x8a[ \x82\
\xc0!<P4}\x06\x88i\x9a\x13\xdc\xb9p#<\
\x00\x94\x84\xf0pX:\x9dN\x06\xfa\x0d\x22\xb4\x08\x0f\
\x87%\x93\xc97\xa4\xb6M\xefm)\x85i\x9a\x04\x22\
\x08\x0f\xa7\xcd\xce\xceN\x0an[I\xffnnnN\
l \xc2=\x84\x87\xc3\xc6\xc6\xc6\xc4~\xd0\xf4\x89\xe9\
%\xfe\xbb3\x15o\x0c|\x87\xf0p\xd8\xa9S\xa7\xc4\
\x86G\xa9\x95\xc7\xcc\xcc\x0c\x95\x07\x08\x0f\x17<34\
4$\xb2a\xd9g\xb6\x14C\xbf>\x95J}\xcf\xeb\
\xb6\xc3{\x84\x87\xc3\x1ey\xe4\x91\xe1\x91\x91\x91\xe3\x12\
\xdb\xa6\xf7\xb6LL\x14\xb7\x5c#\x91H$\x8f\x1f?\
\xfe5\xc7\x1a\x05\xdf <\x5cp\xfa\xf4\xe9\x97\xa4\xb6\
-\x95J\x15\xf5\xfa\xe9\xe9i\xb1\xef\x05\xee\x22<\x5c\
p\xe2\xc4\x89\xa7\x86\x87e>lmjj\xaa\xe0\xae\
\x8b\xddey\xd6\xf1F\xc1\x17\x08\x0f\x17\xec\xdf\xbf\xff\
\xa5\x81\x81\x81#\x12\xdb\xa6\x1f7:66V\xd0k\
'&&\xce\x1e=z\xf4)\xc7\x1b\x05_ <\x5c\
222\xf2\x07\xa7N\x9d\x12\xd96=\xee\x91\xaf\xfa\
\xd0\xdf\x9f\x9c\x9c\xfc\x82k\x8d\x82x\x84\x87K\x1e|\
\xf0\xc1\xaf\x1f9r\xe49\x89m\x9b\x9e\x9e\xd6\xe1\xb6\
\xeckFGG\x8f\xbc\xfc\xf2\xcb\x8f\xb9\xd6(\x88G\
x\xb8\xe8\xbe\xfb\xee\xbb\xfb\xf9\xe7\x9f\xff\x96\xc4\xb6\x8d\
\x8e\x8e\x1ag\xcf\x9e]\xf4{\xfa)\xf9\x89D\xe2\xd3\
\xae7\x0a\xa2)\xdd\xe7\x85\xbb\xf6\xef\xdf\x7f\xb0\xa9\xa9\
\xe9\x0e\xa5Tcv\xad\x85^\xed\xa9\xbf\xea\xff^x\
\xb9\xf5}\xbd\xd7E?zr\xfd\xfa\xf5\x97\xba1\xa9\
T\xea\xb9d2\xf9\xd9c\xc7\x8e\xc9\x1c\xf1\x85g\x08\
\x0f\xc1F>\xb8\xad\xc30\x8c\x17+\xdc\xc2=\xcd\xdf\
\x7f\xa5/\xdf\x8b\x94R-\xa6i\x12\x18X\x12\xdd\x16\
\xc9\x22\x8e\x5c\xed\x85\xbcc\x82\x03\xf9\xc4\xb8Cr\xa9\
\x88\xd1\xe1@\xe38>\x10\x15AxHV\xda3\x99\
\xf2q\x22\x90\x10B\x84\x87d\x11\xa35\xec\xb7\x00r\
\x11\x1e\x92\x11\x1e\x10\x8c\xf0\x90,\xa2\x9ch\x1c\x81\x84\
\x8a <\x04S\x11c\xb7\x03\xadk\x09\xcc\x0d\x82\xa7\
\x08\x0f\xc9\x98H\x87`\x84\x87d\x84\x07\x04\xe3\xd7S\
\xb2\xa83\xd7\x99\x9f\xdb\xcet-\xcaF\xe5!\x98\x8a\
\x18\xc3\x8cQ@*\xc2C\xb2\x88q\x92\xf0\x80Tt\
[$\xd3\xe1\xe1\xcc\xfe\x16\xa6kQ6*\x0f\xc9\xe6\
+\x0f'\x10\x1e(\x1b\xe1!Y\xc4\x18\x0c\xfb-\x80\
\x5c\x84\x87`*b\x14\xf7P\x15\xc0E\x84\x87dQ\
E\xe5\x01\xb1\x180\x15l\xdd\x97\x7f0\xe1\xd0\x80)\
P6~\x8d\xa4\x8b\x18\xfd\x84\x07$\xa2\xdb\x22\x9c\xe2\
\x83\x0e\xa1\xf8\xd5\x94.b\xf4Qy@\x22*\x0f\xe9\
\x98q\x81P\x84\x87t\x8a\xb5\x1e\x90\x89\xf0\x90\xce\x91\
\xc3\xc4\x80\xf2\x11\x1e\xc2)\xc2\x03B\x11\x1e\xd2\x11\x1e\
\x10\x8a\xf0\x90\x8e\x1d\xb0\x10\x8a\xf0\x90N\x11\x1e\x90\x89\
\xf0\x90\xce\x99n\x0b\xc7\x10\xa2l\x84\x87t\xca\x91g\
\xcbR\xcd\xa0l\x84\x87t\xaa\xb0\xa7\xda\x17\x89\xa3\x0d\
Q6\x16*\x0b\xa7\xa7j\x9d\xb8\xc6\x1e\xd8A\xd7\x05\
e\xa1\xf2\x90\xce\x99n\x8bA\xd7\x05\xe5\x22<\xa4S\
F\x9bC-$<P\x16\xc2C:\xe7\x16\x89\xd1m\
AY\x08\x0f\xe9\x9c\x0b\x0f*\x0f\x94\x85\xf0\x10l\xec\
\xa1\x1d\x1d\x0e\x86\x073.(\x0b\xb3-\x82)e\xc4\
\x9d\x9am\xd1\xd7\xb9\xcf1\xe3\x82\xd2QyH\xe6\xcc\
\x1a\x8f\x5ct]P2\xc2C\xb2\x08\xe1\x01\xb9\x08\x0f\
\xc9\x9c[\xe3\x91E\xb7\x05%#<$S\xc6\xee\xb0\
\xdf\x02\xc8Ex\x08u\xee\xf7v\xc4]8\x08\xc8\xe9\
\xca\x06\x01Fx\x08\xa5\x94rz\xbcCsj\xf5*\
B\x80\xf0\x90\x8aC\x80 \x1c\xeb<\xa4\xd2\xe1\xa1\xec\
\x15\xa6\x0e^\xe3=m\x84\x14JBxH\xa5\x8c\x0e\
7\xc2\x83\x0a\x07\xa5\xa2\xdb\x22\x95\xf3\xd3\xb4@Y\xa8\
<\x04\x1a\xff\xfd\xb6\xb8\xb5\x15\xdf\x9d\xca\xc3\x8d\x81Y\
\x04\x10\x95\x87@J\x19\x9d.\xb6\x8a\x0a\x07%!<\
$R\xac\xfc\x84|t[$\x8a\x18\x9d\xd6O\xc6\x9d\
\xab{\xe2\x0f\xdb\xa8>P4\xc2C\x98\x89?jk\
7\x94\xd1\xe0\xd2x\x87a\xff\x7fu\x87\xfd\xbe\xa3x\
\x84\x874\xeeM\xd1\xe6^\xdd\x13_\xa0\xfa@q\x08\
\x0fi\xf4`\xa9\xfb\xe1A\xf5\x81\xa2)\xd34\xb9k\
BL\xfc\xb1\xf5\xd7\x7f\xdc\xa3\xd6$\xf4\xf9\x1e\xf1\xdf\
\x19\x9a\x10wc \x12\x95\x87 J\x19\x1dN\x1e;\
\x98\xe7jP\xca\xe8\x09\xfb\xcf\x00\x85#<$\xf1\xa6\
\xcb\x92{\xdd\x9f\xf8\x13\xf6\xba\xa00\x84\x87$\xde\x0c\
\x96.\xbc\xa8>P\x10\xc6<\x84H<f\xfd\xc5?\
!\xa49\x9b\x1a\x1e\x18:)\xa0\x1d\x10\x8c\xcaC\x0a\
\xfd\x17\xdf\xfb\xaa#{Q} /*\x0f\x01\x12\x8f\
[\xb3,\xfa/}\x83\x94&\xe9\x99\x97\x86\xfb\x99y\
\xc1\xd2\xa8<\x04\xd0\x1b\xe1\xec\xd9\x0e\xaffZ\x16^\
\x0d.o\xce\x83\x0f\x11\x1e\x12\xc8\xea\xb2d/\xc2\x03\
\xcb\xa2\xdb\xe2\xb1\xf3\x7f\xda\xa6w\xd0\xbe(\xb4y\xab\
W\xfd6]\x17,\x8e\xca\xc3k\xca\xe8\x12Xud\
\xaf\xaep\xffp\xb0\x1c\xc2\xc3C\xe7\xfflG\xab\xa1\
\xcc{\x0de\x1aB/\xc2\x03K\x22<\xbc\xa4?\x9c\
r\x83C_m\xe7\x9f\xd8\xce\x8aS,\x8a\xf0\xf0\x90\
RF\x97\xa0\x19\x96\xa5.\x06N\xb1(\x06L=r\
\xe1\xcf\xb7\xe9.\xc1\xd3>h\xaa^\xf3\xd1q\xd5o\
\xbd2(\xa0-\x10\x84\xca\xc3+\xb2\x07Js/}\
\xd6G\xdf\x85'\xb7q\xca:.C\xe5\xe1\x81\x0b\x7f\
q\xb3\xa4},\x85\x9a\xaf@~\xf3\x87T \xb0P\
yxA\xe6\xa2\xb0\xc2*\x90/\xdeL\x05\x02\x0b\x95\
\x87\xcb.|\xf1&?V\x1d\xb9\xe6+\x90\xdfx\x95\
\x0a$\xe4\xa8<\xdc\xa6\xcc\x1e\xe1\xd3\xb3\xf9\xae\x06C\
\x99\x03\x17\x9e\xda\xca\x1a\x90\x90\xa3\xf2p\xd1\x85\xbf\xdc\
\xea\xf7\xaac\xa1}W\xfd\xfaQ\xb6\xef\x87\x14\x95\x87\
\x8b\x942{\x942\x8d\x00]\x9f\x9f\xfc\xd2\x8d\x07C\
\xf3\x03\xc4e\xa8<\x5c2\xf9\xa5\x1b\x83Vu\xe4\x1a\
\xd2\xe3 \xf5\xbf\xf6\x1a\x9b\xe8B\x84\xca\xc3-\xfe\x1f\
\xebXv\x19\xbb\xa1\xcc\xbe\xc9\xa7\xdf\xcfLL\x88P\
y\xb8`\xf2\xe0\x96 W\x1d\xb9\xac\x99\x98\xfa\xaec\
\xcc\xc4\x84\x00\x95\x87\x1b\xfc\xb9\xae\xa3\xd4\xb5 \x03\x93\
\xbd[\x0eL\xf6n\xe1\xf1\x95\x01G\xe5\xe1\xb0\xc9\xde\
\x1bt)?\x10\xe87\xb9\xb8a\xc30\xba\xea\xef}\
\xbdOb\xe3P>\xc2\xc3A\x93\x7fu\x83\xb4\x83\x8d\
\xbd\xf0\xb8a\x18=\xf5\xbf\xfa:\x83\xa9\x01Cx8\
(\xf9\xcc\xf5\xba\xef\xdf\x16\xd87X8]\x85\xf4\xd4\
\xdd\xf3\x06\xd3\xba\x01Bx8$\xf9\xccf\xfdA\xb9\
7\x90o\xaetzJ\xb7\xbb\xee\x9e\xe3te\x02\x80\
\xf0p@\xf2\xcb\x9b\xfdrV\x87W\xfa\xadJ\xe4W\
\x08\x11?#<*,\xf9\x95\xeb\xc2:@Z\x8a~\
\xab\x12\xf9\xf4\x9bL\xed\xfa\x10\xe1QA\xc9\xaf^\xc7\
\x00iiz\xadJ\xe4\x97\xdf\xe4\xf9\xb8>BxT\
P\xf2\xab\x9b\x18 -\x8f\x1d\x22'\x08\x11\x1f <\
*$\xf5\xd7\xad\x0c\x90V\x8e\x15\x22\xb5\xbft\x92\x10\
\x11\x8c\xf0\xa8\x80\xd4\xdf\xb42@\xea\x9c~\xbb+\xa8\
/=\xc0z\xb2\xf6\x17\x09\x15\x09\x08\x8f2\xa5\xbe\xd6\
Bp\xb8O\xef\xa1\x19\xb4\xc3D\x7f\x1d\xac\xfd\xd40\
\x81\xe22\xc2\xa3Dvh\xe8\x83pZ|\xf9\x06\x82\
\x87@q\x19\xe1Q\xa4\xd4\xdfn$4\xfc%\x1b*\
\x86\x1d,\x86\xfd\xdf\x13V\x17\xe8\x17N\x110%\x22\
<\x0a\x94\xfa\xbbk\x09\x8d`\xcb\x0d\x19\xc3\x0e\x9a\xbe\
\xda\x9f\x7f\x8b\x85lK <\xf2H=Kh\xc0\x1a\
\xb4\xcd\x86\x88\xf5\xb5\xf6nBEtxL=\xbbA\
\x1f\xa2\x93}\xd0r\x87\x07M\xe8\x224\x90G\xbf\xfd\
m'\xc2d\x22\xa7\x1a\x1a\x5cy\xf7\xdb\xa2v&\xbb\
\x1a\x1eS\xcf]\x16\x06\x9a^\xca\x9d{hLG\xce\
\xff\xce*M\xe0J\xb9\xdd\xab\xec\xd8\xcd\xe5!\xf3I\
wB\xa6\xec\xf0\x98z~}\xdc\xfe\xb0g\x83 \xb7\
B\x88\xb3\xe2\x12p\xddp\xce\xba\x18k\xe6i\xe5]\
\xa7+>0\x5cpxL\xbd\xd0\xdcnW\x0d\xd9\xaf\
\xfa\xda\xcd\xef\x05\xe0\x0b\x89\xec \xb0\xbeV~b\xa4\
\xec\xcd\x88K\x86\xc7\xd4\x0b\xcd\x9dz\xc7\xa3\x1d\x12\xf4\
\xfb\x81`\xc9]\x17\xa3\xc3\xa4\xe81\x9bE\xc3c\xea\
P\x93\x9e]\xf8<\xbf,@\xa8\xf4_\x0a\x93\xcew\
\xf2\x86\xc9e\xe11u\xb8I\x8fQ\xe8\x0d^\x1f\xe7\
w\x06\x08=\x1d&\x87\xac0\xf9\xf8;Wts.\
\x85\xc7\xd4\xe1k\xda\xed\xe0`\x80\x13\xc0B\xc3\xef\x05\
\xc9\x19\xfdu><.\xfe}c\xbb]\xae0=\x0a\
 \x1f\x1d$\xdd\xf3\xe1\xf1\x0f\x8d\x1cb\x03\xa0(\xb1\
\x8b\xff\xb8N?\xcd\x8c\xe0\x00P\x8cD\xc4\x9e\x8e\x05\
\x80BY\xcf$\x8e\x19\xca\xec`\xbc\x03@\x81\xf4\xb3\
w\xbaV\xfc\xec\xbb\x83\xf3c\x1e__\xcb\x80)\x80\
\xe5\xe8A\xd2\x03+>6z \xfb\x9aKS\xb5\x17\
\xbfA\x80\x00\xb8\x82>\x8c\xfa\xe0\x8a\x8f\x8e^\xb1h\
\xec\xb2Eb\xd3\xdfXC\x80\x00\xb0\xaa\x0c\x1d\x1a5\
\x1f\x1d[r\x87\xee\x15\xcb\xd3\xa7\xbfI\x80\x00!e\
U\x195w\x8c\x15\xb4\xcfe\xd1\xbd-\xd3\xdf\xba\x9a\
\x00\x01\xc2\xe1\xbd*\xe3\xf6sE\x9d\x03\xb2\xe4\xae\xda\
\xe9o\xafn\xb7\x97\xa3\xb2\xa3\x16\x08\x96\x84\xfd\xd9>\
Xs\xdbx\xc9'\xa0\xe5=\xcfc\xfa\xdb\xab9\xc3\
\x13\x08\x86~{\xff\xda\xa1\x9a\xdb\xc6\xcb>m\xac\xe0\
\xc3\x80\xa6\xff)\xdee/(c5*\xe0\x1f\xc3v\
`\x1c\xac\xf9\x99\x89\x8a\x9e&V\xf41\x84\xd3\xff\x1c\
\xd7\xdb\xf6;\xed\xe3\x06;\x19\x17\x01D\xd2\xa1\xd1S\
\xf3\xd3\x13\x07\x9dj\x5c\xd9g\x98\xce|\xa7\xa1='\
L8\x96\x10\xf0\x96\x15\x1a\xd5?\x95p,4\xb2*\
~z\xfa\xccwVu\xd8AB\x98\x00\xee\xb1C\xe3\
\xbc\xe3\xa1\x91\xe5\xf8\xa3\x17f\xfe\xe5R\x98t2^\
\x02T\xdc|h\xfc\xa4{\xa1\x91\xe5\xeas[f^\
\xbc\xaa\xd5\x0e\x91.\x82\x04(\x8b\x9en\xed\xae\xdes\
\xc1\xf5\xd0\xc8\xf2\xec\x89q3}\x04\x09P\x22\xbd\xb3\
\xb5\xb3\xba\xe3\x82\xa7\x0f\xe9\x16\xf1\xb8\xc9\x99\xbe\xfa\xd6\
\x9c\x07Ge/\xd6\x95\x00W\xdaW\xdd1\xd9#\xe1\
\xbe\x88~V\xedL\x7f]G\xce\x83\xa6\xday\x02\x1d\
BL\x8fmtU\xefN\x8ay\xc0\xb6/\x9f\x92?\
\xfb\xdd\xba\xd6\x9cP\x893\x18\x8b\x80;\xac\x83\xa3\xea\
#\xc9\xf0>\xe8\xdaI\xb3\xdf\xadm\xb5\xc7O\xbaY\
\xb8\x86\x00\xd9[\xf5\x91\x94g\x83\xa2\xcb\x09Lxd\
\xcd~\xaf6n\xef\xc5\xb9_F\x8b\x80\x92\xed\xab\xfa\
pJ\xc4\xf8\xc6b\x02\x17\x1eY\xb3/\xad\xec\xb4\xd7\
\xf4S\x85\xc0\x8f\x86\xaan\x9dj\x97\xdc\xee\xc0\x86\x87\
6{d%\xe7\x92\xc0\x8f\xac\xd3\xc9\xabvM\x95\xfd\
${'\x05:<\x0c+@V\x10 \xf0\x9b\x07\xaa\
v]< \xbd\xcd\x81\x0f\x0fm\xf6_k\x08\x10\xf8\
E\x7f\xd5OLw\xf8\xa1\xad\xa1\x08\x0fm\xee\xdf\x08\
\x10\x88\xa7\xbb+\xad\xb1\x1f\x9f\x165%\xbb\x94\xd0\x84\
\x876\xf7\xef\xd5\x04\x08$\xfbD\xecC3\x87\xfc\xf2\
\x13\x8a\x08h\x83kb\x1f\x9a\x19\xb4w\xf8&B\xf2\
\x96\xe1\x1f\xbd~\x0a\x0e#l\x95G\xd6\xdc\xf7\xab\xa8\
@ \x89^z\xde\x1e\xfb\xe0\xac/\xba+Y\xa1\x0c\
\x0fm\xee?b\x04\x08\xa4\xd8\x13\xfb\xb191{V\
\x0a\x15\xda\xf0\xd0\xe6\xfe\xd3\x0a\x90\x01\x01MAx\xed\
\x8d}`N\xe4\xf2\xf3|B\x1d\x1e\x86\x15 Q\xfd\
\x83\xbbW@S\x10>\x8f\xc7>\x90\xee\xf6\xeb\xbb\x0e\
}x\xa4\xff+\xaa\xf7\xc2\x9c\xa4\xfb\x02\x97\xf5F\x7f\
4\xdd\xe5\xe7\x9b\x1e\xfa\xf0\xd0\xd2\xff\x1d\xd1\xe9\xff\x98\
\x80\xa6 \x1c\xf4I`\x1d\xd1\x1f\xc9\xf8j\x80t!\
\xc2\xc3\x96\xfe\x1f5\xc8\x99 p\x815\xb3\x12\xbd\xc5\
\xf4up\x18a[\xe7\x91\x87o\xfb\x9e\xf0\x0d\xbd\xbe\
\xa83\x08\xc1a\x10\x1e\xef\x89\xdeb\xea\xa9\xb2^)\
\xedA \xe9\xe0\x10\xbdS\xb6\x18\x84\xc7\xe5\xbaY}\
\x0a\x87\xf4\xda\x7f\xa0\x02\x83\xf0\xc8a\x97\x93bOn\
\x82o%\x82\xf8{Ex,\x10\xbd\xc5<`\x8f\x86\
\x03\x95r z\x8b\xe9\xe93V\x9c@x,\x8e\xc1\
ST\x8a\x9e]\x11\x7f\xb0O)\x08\x8fE0x\x8a\
\x0a\xea\x09\xca\xec\xcaB\xac\xf3XBz@\xb1\xf2\x14\
\xe5\xea\x8f\xee4}q*X)\x08\x8fe\xa4\x07X\
y\x8a\xb2\xec\x89\xee\xcc\x04j\x86%\x17\xe1\x91Gz\
 \xc2\xcaS\x94botg\xc6\x97\xbbe\x0b\xc5\x98\
G~\x0c\x9e\xa2X\xbdA\x0f\x0e\x83\xf0\xc8\xcf.;\
\x1f\x97\xdeN\x88\xd1\x1f\xdd\x99\xf1\xf5n\xd9B\xd1m\
)@z0\xa2\x07Ou\xf7\xa5E|c\xe1\xa5\xf9\
\xdd\xb2\xed\xfe\xde-[(\xc2\xa3@\xe9\xc1\xa8~|\
\xe5\x0b\xbeh,\xbc\x90\x98\x0f\x8et`\xf6\xae\xe4C\
\xb7\xa5@\xd1\xf6\xb4>\xd9\xfa\xb0/\x1a\x0b/t\x86\
)8\x0c\xc2\xa3h]l\x9c\xc3\x22\xf6F\xdb\xd3\x81\
\x9d\x92]\x0a\xdd\x96\x22\xa5\x87\xa2\xac\xfd@\xae\xdeh\
\x9b\xbf\x8f\x13,\x15\xe1Q\x82\xf4PL\xff\x95\xd9\xed\
\xbb\x86\xa3\xd2\xfa\xa3ms\x81]A\x9aOLv\xf3\
\x84RV\xf7\xe5D\xd8oC\xc8\xe9\x99\x95\xce0\xdf\
\x02\xc6<J\x10\xdd1\xa7\xf7\xbc\xec\xf3]\xc3Q)\
z\xdc\xab+\xbac.\x14S\xb2K\xa1\xdbR\x86\xf4\
\x0f\xaaX\xba\x1eN{\xa2;fC7@\xba\x10\xdd\
\x96r(k\xe9\xfa\x8b\xfe}\x03(\xc1\xde\xe8v\x82\
\xc3\xa0\xf2(_\xfa\xe5j=\xfe\xf1\xb4\xdf\xdf\x07\x0a\
\xd2\x1b\xdd>\x13\xca\x99\x95\xc5\x10\x1e\x15\x90~\xa5\x9a\
\xe9\xdb\xe0\xeb\x8fn\x9b\x09\xed\xcc\xcab\x08\x8f\x0a\xc9\
\xbcR\xcd3o\x83\xcb\xda\xb3\x12\xd96\x13\xea\x01\xd2\
\x85\x08\x8f\x0a\xca\xfc\xb0\x86\x00\x09\x1ek\xcfJ\xe4\xe6\
\xe9P-=/\x04\xe1QA\x99Wk\xf4\xee\xdb>\
f`\x02\xc3z\xc2[\xe4\xa6\xe9\xd0\xcf\xac,\x86\xf0\
\xa8\xb0\xcc\xab+\x08\x90`\x98\xaf8n\xbaH\xc5\xb1\
\x04\xc2\xc3\x01\x99\xa3+Z\xed\xf3?8<\xd9\x9f\xe6\
\x83c+\xc1\xb1\x1c\xc2\xc3!\x99\xd7V\xb6\xdb\x15\x08\
\x01\xe2/\xf3\x83\xa37N18\x9a\x07\xe1\xe1\xa0\xcc\
k\xb5\x1d,\x22\xf3\x15;8R\x04G\x01\x08\x0f\x87\
e\xfe\xb7\x96Ed\xfe\xa0\x1f\xf2\xd5\x1dy?\xc1Q\
(\xc2\xc3\x05\x99cu,\x22\x93\xad7\xb2%\xc9\xca\
\xd1\x22\x11\x1e.\xc9\xbc^\xc7\x1a\x10\x99\xf6EnH\
\x06\xee\x09\xf6n <\x5c\x94y\xbd\x9e\x00\x91eo\
\xe4\x86\xc9\xc0?_\xc5)\x84\x87\x8b2o\x5c\xc5\x1a\
\x10\x19\x12\xd6\xf8\xc6\xf5\x17\x08\x8e2\x10\x1e.\xcb\x1c\
_E\x80xK?\xc0\xab'\xb2\xf9<\x03\xa3e\x22\
<<\x90ys\x15\x8b\xc8\xdc\xd7oU\x1b\xd7\x9dg\
\xe1W\x85\x10\x1e\x1e\xc9\x9ch`\x11\x99;\x86\xadJ\
cS\x82.J\x85\x11\x1e\x1e\xca\x9c\x8c\xb3\x88\xccY\
\xfa\x9c\xd9\x03\x91\xd6\x09\xba(\x0e <<f\x0e\xaf\
f\x11Y\xe5\xe9.J\x97j\x19?\x19\xb47&\x09\
\xe1!\x80yj5\x8b\xc8*CwQ\xba\xd5\xc6\xf1\
CAx3\xd2\x11\x1eB\x98o]\xcd\x1a\x90\xd2\xe9\
\xa9\xd7\x03\xea\xdas,\xf6r\x11\xe1!\x88\xf9\xf6\x1a\
\x02\xa4x\x87\xadjc\xc3\x18]\x14\x97\x11\x1e\x82\x98\
\xa7\xd7\xb2\x06\xa4pCVh\xac\x1f\xe5\x94/\x8f\x10\
\x1e\xc2\x98#\xef#@\x96\xa7\xbb(=\xaa\xf9\xdd\x03\
\x92\x1b\x19\x06\x84\x87@\xe6;\xebXD\xb68k\xdb\
\xbcj\xfa?\xa6^\x05 <\x842\xcf4\xb2\x88\xec\
=\xfdV\xb5q\xcdY\xba(\x82\x10\x1e\x82\x99g\xaf\
\xd1\x8b\xc8\xf4 jKHo\xc1|h4\x9e!4\
\x04\x22<|\xc0|\xb7I/$\xeb\x09Q\x88XK\
\xca\xd5\xfb\xdeaI\xb9`\x84\x87\x8f\x98\xa3\xcd:D\
\xf4\xb5;\xa0o\xd1\xda*\xaf\xd6\x8e\x10\x1a>@x\
\xf8\xd1\xd8z=\x1e\xa2W\xa5v\x06dL\xc4Z\xe4\
e]kN3\x18\xea\x13\x84\x87\x9f\x9d\xdb\x10\xb7\x03\
\xa4\xdb\xc7S\xbb\xd6\xe65\xe3\xea\xb7\x09\x0d\x9f!<\
\x82b\xe2\xdav\xbbK\xd3\xe9\x93\xb1\x91^k\x1c'\
\xfe\x16+C}\x8a\xf0\x08\xa2\xc4\xc6v;D:\x04\
\x8e\x8fX;^\x8d\x86S\x84\x86\xcf\x11\x1eap\xbe\
E\x87\x88\x0e\x94\xb8\xc7\xef\xb6\xcfX5\xcc\xb4k\x10\
\x18\x86\xf1\xff\xca;\xbd)\x22\xd4\xfdG\x00\x00\x00\x00\
IEND\xaeB`\x82\
"

qt_resource_name = b"\
\x00\x05\
\x00o\xa6S\
\x00i\
\x00c\x00o\x00n\x00s\
\x00\x08\
\x08\xa7\x85\xd5\
\x00d\
\x00a\x00t\x00a\x00b\x00a\x00s\x00e\
\x00\x07\
\x03Y\x82#\
\x00l\
\x00o\x00c\x00a\x00l\x00e\x00s\
\x00\x08\
\x04Jh\xfd\
\x00e\
\x00n\x00_\x00U\x00S\x00.\x00q\x00m\
\x00\x08\
\x0e8\x05}\
\x00z\
\x00h\x00_\x00C\x00N\x00.\x00q\x00m\
\x00\x19\
\x0bI\x8a\x1e\
\x00m\
\x00o\x00n\x00i\x00t\x00o\x00r\x00i\x00n\x00g\x00_\x00p\x00o\x00l\x00l\x00u\x00t\
\x00i\x00o\x00n\x00.\x00j\x00s\x00o\x00n\
\x00\x08\
\x0aaB\x7f\
\x00i\
\x00c\x00o\x00n\x00.\x00i\x00c\x00o\
\x00\x0f\
\x0dx1\x07\
\x00i\
\x00c\x00_\x00m\x00a\x00x\x00i\x00m\x00i\x00z\x00e\x00.\x00p\x00n\x00g\
\x00\x11\
\x0a\xcb\xdc\xc7\
\x00i\
\x00c\x00_\x00u\x00n\x00m\x00a\x00x\x00i\x00m\x00i\x00z\x00e\x00.\x00p\x00n\x00g\
\
\x00\x0f\
\x0d\x89q\x07\
\x00i\
\x00c\x00_\x00m\x00i\x00n\x00i\x00m\x00i\x00z\x00e\x00.\x00p\x00n\x00g\
\x00\x0b\
\x06\x1aF\xff\
\x00w\
\x00i\x00n\x00d\x00o\x00w\x00s\x00.\x00i\x00c\x00o\
\x00\x0c\
\x0bf\xe3'\
\x00i\
\x00c\x00_\x00c\x00l\x00o\x00s\x00e\x00.\x00p\x00n\x00g\
\x00\x08\
\x0aaZ\xa7\
\x00i\
\x00c\x00o\x00n\x00.\x00p\x00n\x00g\
"

qt_resource_struct = b"\
\x00\x00\x00\x00\x00\x02\x00\x00\x00\x03\x00\x00\x00\x01\
\x00\x00\x00\x00\x00\x00\x00\x00\
\x00\x00\x00\x00\x00\x02\x00\x00\x00\x07\x00\x00\x00\x07\
\x00\x00\x00\x00\x00\x00\x00\x00\
\x00\x00\x00&\x00\x02\x00\x00\x00\x02\x00\x00\x00\x05\
\x00\x00\x00\x00\x00\x00\x00\x00\
\x00\x00\x00\x10\x00\x02\x00\x00\x00\x01\x00\x00\x00\x04\
\x00\x00\x00\x00\x00\x00\x00\x00\
\x00\x00\x00f\x00\x01\x00\x00\x00\x01\x00\x00\x0f\x8a\
\x00\x00\x01\x93\x1e(\xab\x10\
\x00\x00\x00:\x00\x00\x00\x00\x00\x01\x00\x00\x00\x00\
\x00\x00\x01\x97\xa5\x9d;\xd5\
\x00\x00\x00P\x00\x00\x00\x00\x00\x01\x00\x00\x00\x14\
\x00\x00\x01\x97\xa5\x9c\xd9M\
\x00\x00\x01$\x00\x01\x00\x00\x00\x01\x00\x00\x1d\xe0\
\x00\x00\x01\x97>\xfb\x15\x86\
\x00\x00\x00\x9e\x00\x01\x00\x00\x00\x01\x00\x00\x12\x87\
\x00\x00\x01\x95!D@\xa0\
\x00\x00\x01^\x00\x00\x00\x00\x00\x01\x00\x00\x9d\xc3\
\x00\x00\x01\x95!Cm\xb0\
\x00\x00\x00\xd8\x00\x00\x00\x00\x00\x01\x00\x00\x1b\xc4\
\x00\x00\x01\x91\xb3\xa3\x85\xe0\
\x00\x00\x01@\x00\x00\x00\x00\x00\x01\x00\x00\x9c\x95\
\x00\x00\x01\x91\xb3\xa3\x85\xe0\
\x00\x00\x00\xb4\x00\x00\x00\x00\x00\x01\x00\x00\x1a\xb1\
\x00\x00\x01\x91\xb3\xa3\x85\xe0\
\x00\x00\x01\x00\x00\x00\x00\x00\x00\x01\x00\x00\x1d6\
\x00\x00\x01\x91\xb3\xa3\x85\xe0\
"

def qInitResources():
    QtCore.qRegisterResourceData(0x03, qt_resource_struct, qt_resource_name, qt_resource_data)

def qCleanupResources():
    QtCore.qUnregisterResourceData(0x03, qt_resource_struct, qt_resource_name, qt_resource_data)

qInitResources()
